City,Country,Items,Units Sold,Unit Price,Unit Cost,Total Revenue,Total Cost,Year,Month,Status,Quarter
NYC,USA,Cosmetics,8446,437.2,263.33,3692591.2,2224085.18,2014,10,Shipped,1
Reims,France,Vegetables,3018,154.06,90.93,464953.08,274426.74,2011,11,Shipped,2
Paris,France,Baby Food,1517,255.28,159.42,387259.76,241840.14,2016,10,Shipped,3
Pasadena,USA,Cereal,3322,205.7,117.11,683335.4,389039.42,2010,4,Shipped,3
San Francisco,USA,Fruits,9845,9.33,6.92,91853.85,68127.4,2011,8,Shipped,4
Burlingame,USA,Cereal,9528,205.7,117.11,1959909.6,1115824.08,2014,11,Shipped,4
Lille,France,Cereal,2844,205.7,117.11,585010.8,333060.84,2015,3,Shipped,4
Bergen,Norway,Clothes,7299,109.28,35.84,797634.72,261596.16,2012,5,Shipped,4
San Francisco,USA,Vegetables,2428,154.06,90.93,374057.68,220778.04,2015,1,Shipped,4
Paris,France,Vegetables,4800,154.06,90.93,739488,436464,2013,12,Shipped,1
Melbourne,Australia,Clothes,3012,109.28,35.84,329151.36,107950.08,2015,12,Shipped,1
NYC,USA,Snacks,2694,152.58,97.44,411050.52,262503.36,2010,2,Shipped,2
Newark,USA,Household,1508,668.27,502.54,1007751.16,757830.32,2016,11,Shipped,2
Bridgewater,USA,Cosmetics,4146,437.2,263.33,1812631.2,1091766.18,2015,12,Shipped,2
Nantes,France,Fruits,7332,9.33,6.92,68407.56,50737.44,2011,1,Shipped,3
Cambridge,USA,Clothes,4820,109.28,35.84,526729.6,172748.8,2010,6,Shipped,3
Helsinki,Finland,Office Supplies,2397,651.21,524.96,1560950.37,1258329.12,2016,4,Shipped,3
Stavern,Norway,Beverages,2880,47.45,31.79,136656,91555.2,2012,7,Shipped,4
Allentown,USA,Clothes,1117,109.28,35.84,122065.76,40033.28,2014,9,Shipped,4
NYC,USA,Household,8989,668.27,502.54,6007079.03,4517332.06,2012,8,Shipped,4
Salzburg,Austria,Snacks,407,152.58,97.44,62100.06,39658.08,2012,9,Shipped,4
Chatswood,Australia,Clothes,6313,109.28,35.84,689884.64,226257.92,2010,8,Shipped,4
Nantes,France,Personal Care,9681,81.73,56.67,791228.13,548622.27,2011,2,Shipped,1
New Bedford,USA,Clothes,515,109.28,35.84,56279.2,18457.6,2015,12,Shipped,1
Liverpool,UK,Cereal,852,205.7,117.11,175256.4,99777.72,2012,10,Shipped,2
Madrid,Spain,Beverages,9759,47.45,31.79,463064.55,310238.61,2017,1,Disputed,2
Stavern,Norway,Beverages,8334,47.45,31.79,395448.3,264937.86,2014,10,Shipped,1
Lule,Sweden,Fruits,4709,9.33,6.92,43934.97,32586.28,2012,1,Shipped,1
Madrid,Spain,Meat,9043,421.89,364.69,3815151.27,3297891.67,2016,1,Shipped,2
Burlingame,USA,Personal Care,8529,81.73,56.67,697075.17,483338.43,2016,1,Shipped,3
Singapore,Singapore,Beverages,2391,47.45,31.79,113452.95,76009.89,2017,6,Shipped,3
NYC,USA,Office Supplies,6884,651.21,524.96,4482929.64,3613824.64,2015,6,Shipped,4
South Brisbane,Australia,Fruits,293,9.33,6.92,2733.69,2027.56,2014,1,Shipped,4
Philadelphia,USA,Baby Food,7937,255.28,159.42,2026157.36,1265316.54,2014,4,Shipped,4
Lyon,France,Beverages,7163,47.45,31.79,339884.35,227711.77,2010,9,Shipped,4
Vancouver,Canada,Office Supplies,2352,651.21,524.96,1531645.92,1234705.92,2010,5,Shipped,4
Burbank,USA,Office Supplies,9915,651.21,524.96,6456747.15,5204978.4,2013,10,Shipped,1
Cambridge,USA,Vegetables,3294,154.06,90.93,507473.64,299523.42,2011,3,Shipped,1
New Haven,USA,Baby Food,7963,255.28,159.42,2032794.64,1269461.46,2016,8,Shipped,2
Minato-ku,Japan,Office Supplies,6426,651.21,524.96,4184675.46,3373392.96,2011,1,Shipped,2
Chatswood,Australia,Office Supplies,3221,651.21,524.96,2097547.41,1690896.16,2014,5,Shipped,3
Torino,Italy,Beverages,9913,47.45,31.79,470371.85,315134.27,2013,8,Shipped,3
Boras,Sweden,Meat,103,421.89,364.69,43454.67,37563.07,2011,10,Shipped,3
Versailles,France,Snacks,4419,152.58,97.44,674251.02,430587.36,2016,11,Shipped,4
San Rafael,USA,Office Supplies,5523,651.21,524.96,3596632.83,2899354.08,2015,4,Shipped,4
Nashua,USA,Beverages,3107,47.45,31.79,147427.15,98771.53,2013,3,Shipped,4
San Francisco,USA,Meat,8896,421.89,364.69,3753133.44,3244282.24,2010,8,Shipped,4
Melbourne,Australia,Household,1643,668.27,502.54,1097967.61,825673.22,2012,1,Shipped,4
San Rafael,USA,Personal Care,2135,81.73,56.67,174493.55,120990.45,2015,8,Shipped,4
Brickhaven,USA,Meat,8189,421.89,364.69,3454857.21,2986446.41,2016,12,Shipped,1
San Francisco,USA,Vegetables,9654,154.06,90.93,1487295.24,877838.22,2012,5,Shipped,1
North Sydney,Australia,Vegetables,3410,154.06,90.93,525344.6,310071.3,2010,11,Shipped,1
Montreal,Canada,Cosmetics,8368,437.2,263.33,3658489.6,2203545.44,2014,11,Shipped,2
Madrid,Spain,Beverages,470,47.45,31.79,22301.5,14941.3,2016,6,In Process,2
NYC,USA,Fruits,7690,9.33,6.92,71747.7,53214.8,2016,5,Shipped,1
Melbourne,Australia,Snacks,5033,152.58,97.44,767935.14,490415.52,2012,10,Shipped,2
Paris,France,Office Supplies,9535,651.21,524.96,6209287.35,5005493.6,2012,3,Shipped,3
Pasadena,USA,Office Supplies,5263,651.21,524.96,3427318.23,2762864.48,2011,1,Shipped,3
San Francisco,USA,Vegetables,8316,154.06,90.93,1281162.96,756173.88,2014,6,Shipped,4
Burlingame,USA,Personal Care,1824,81.73,56.67,149075.52,103366.08,2016,12,Shipped,4
Lille,France,Office Supplies,949,651.21,524.96,617998.29,498187.04,2014,6,Shipped,4
Bergen,Norway,Cosmetics,7881,437.2,263.33,3445573.2,2075303.73,2015,3,Shipped,4
San Francisco,USA,Beverages,6846,47.45,31.79,324842.7,217634.34,2013,4,Shipped,4
Osaka,Japan,Clothes,9097,109.28,35.84,994120.16,326036.48,2015,3,Shipped,1
Melbourne,Australia,Personal Care,7921,81.73,56.67,647383.33,448883.07,2013,6,Shipped,1
Philadelphia,USA,Office Supplies,3636,651.21,524.96,2367799.56,1908754.56,2013,1,Shipped,2
Newark,USA,Cereal,8590,205.7,117.11,1766963,1005974.9,2012,3,Shipped,2
Bridgewater,USA,Office Supplies,2163,651.21,524.96,1408567.23,1135488.48,2014,4,Shipped,2
Nantes,France,Baby Food,5766,255.28,159.42,1471944.48,919215.72,2016,1,Shipped,3
Cambridge,USA,Office Supplies,7841,651.21,524.96,5106137.61,4116211.36,2011,5,Shipped,3
Nantes,France,Fruits,8862,9.33,6.92,82682.46,61325.04,2010,7,Shipped,3
White Plains,USA,Baby Food,6335,255.28,159.42,1617198.8,1009925.7,2013,8,Shipped,4
Allentown,USA,Beverages,9794,47.45,31.79,464725.3,311351.26,2013,10,Shipped,4
NYC,USA,Vegetables,5808,154.06,90.93,894780.48,528121.44,2017,2,Shipped,4
Minato-ku,Japan,Meat,2975,421.89,364.69,1255122.75,1084952.75,2015,3,Shipped,4
Chatswood,Australia,Personal Care,6925,81.73,56.67,565980.25,392439.75,2012,5,Shipped,4
South Brisbane,Australia,Meat,5319,421.89,364.69,2244032.91,1939786.11,2013,9,Shipped,1
New Bedford,USA,Office Supplies,2850,651.21,524.96,1855948.5,1496136,2014,5,Shipped,1
Paris,France,Cereal,6241,205.7,117.11,1283773.7,730883.51,2010,4,Shipped,2
Madrid,Spain,Office Supplies,9247,651.21,524.96,6021738.87,4854305.12,2017,6,Disputed,2
NYC,USA,Cereal,7653,205.7,117.11,1574222.1,896242.83,2015,2,Shipped,1
Melbourne,Australia,Snacks,4279,152.58,97.44,652889.82,416945.76,2010,1,Shipped,2
Paris,France,Fruits,3972,9.33,6.92,37058.76,27486.24,2010,3,Shipped,3
Pasadena,USA,Clothes,8611,109.28,35.84,941010.08,308618.24,2013,1,Shipped,3
San Francisco,USA,Snacks,2109,152.58,97.44,321791.22,205500.96,2017,3,Shipped,4
Burlingame,USA,Beverages,5408,47.45,31.79,256609.6,171920.32,2011,1,Shipped,4
Lille,France,Cereal,1480,205.7,117.11,304436,173322.8,2014,3,Shipped,4
Bergen,Norway,Snacks,332,152.58,97.44,50656.56,32350.08,2013,6,Shipped,4
San Francisco,USA,Beverages,3999,47.45,31.79,189752.55,127128.21,2011,9,Shipped,4
Osaka,Japan,Clothes,1549,109.28,35.84,169274.72,55516.16,2016,7,Shipped,1
Melbourne,Australia,Baby Food,4079,255.28,159.42,1041287.12,650274.18,2014,2,Shipped,1
NYC,USA,Clothes,9721,109.28,35.84,1062310.88,348400.64,2010,8,Shipped,2
Newark,USA,Household,8635,668.27,502.54,5770511.45,4339432.9,2013,1,Shipped,2
Bridgewater,USA,Personal Care,8014,81.73,56.67,654984.22,454153.38,2010,9,Shipped,2
Nantes,France,Cereal,7081,205.7,117.11,1456561.7,829255.91,2016,10,Shipped,3
Cambridge,USA,Snacks,2091,152.58,97.44,319044.78,203747.04,2011,3,Shipped,3
Helsinki,Finland,Fruits,1331,9.33,6.92,12418.23,9210.52,2012,12,Shipped,3
White Plains,USA,Clothes,117,109.28,35.84,12785.76,4193.28,2015,9,Shipped,4
Allentown,USA,Household,5798,668.27,502.54,3874629.46,2913726.92,2013,11,Shipped,4
NYC,USA,Vegetables,2755,154.06,90.93,424435.3,250512.15,2014,8,Shipped,4
Minato-ku,Japan,Clothes,7398,109.28,35.84,808453.44,265144.32,2010,10,Shipped,4
Burlingame,USA,Vegetables,3170,154.06,90.93,488370.2,288248.1,2015,6,Shipped,1
South Brisbane,Australia,Snacks,5544,152.58,97.44,845903.52,540207.36,2012,3,Shipped,1
New Bedford,USA,Vegetables,7025,154.06,90.93,1082271.5,638783.25,2012,6,Shipped,1
Liverpool,UK,Personal Care,2149,81.73,56.67,175637.77,121783.83,2013,5,Shipped,2
Madrid,Spain,Personal Care,2484,81.73,56.67,203017.32,140768.28,2016,12,Disputed,2
Kobenhavn,Denmark,Snacks,1629,152.58,97.44,248552.82,158729.76,2011,3,Shipped,1
Salzburg,Austria,Cosmetics,213,437.2,263.33,93123.6,56089.29,2011,9,Shipped,2
London,UK,Beverages,897,47.45,31.79,42562.65,28515.63,2012,5,Shipped,2
New Bedford,USA,Clothes,3374,109.28,35.84,368710.72,120924.16,2011,11,Shipped,3
Helsinki,Finland,Beverages,9367,47.45,31.79,444464.15,297776.93,2010,1,Shipped,4
Boras,Sweden,Baby Food,7632,255.28,159.42,1948296.96,1216693.44,2011,8,Cancelled,4
Toulouse,France,Beverages,8954,47.45,31.79,424867.3,284647.66,2014,9,Shipped,4
London,UK,Cereal,1150,205.7,117.11,236555,134676.5,2014,9,Shipped,4
Barcelona,Spain,Office Supplies,4071,651.21,524.96,2651075.91,2137112.16,2015,9,Shipped,4
Los Angeles,USA,Baby Food,4594,255.28,159.42,1172756.32,732375.48,2011,6,Shipped,1
San Diego,USA,Snacks,1632,152.58,97.44,249010.56,159022.08,2012,1,Shipped,1
NYC,USA,Household,1127,668.27,502.54,753140.29,566362.58,2017,1,Cancelled,2
Montreal,Canada,Vegetables,1052,154.06,90.93,162071.12,95658.36,2012,3,Shipped,2
Bruxelles,Belgium,Meat,6413,421.89,364.69,2705580.57,2338756.97,2010,7,Shipped,3
Tsawassen,Canada,Snacks,4245,152.58,97.44,647702.1,413632.8,2011,4,Shipped,3
Boston,USA,Snacks,8615,152.58,97.44,1314476.7,839445.6,2010,10,Shipped,3
Philadelphia,USA,Baby Food,5624,255.28,159.42,1435694.72,896578.08,2013,12,Shipped,4
Cowes,UK,Clothes,8399,109.28,35.84,917842.72,301020.16,2015,9,Shipped,4
Stavern,Norway,Fruits,2104,9.33,6.92,19630.32,14559.68,2011,9,Shipped,4
NYC,USA,Snacks,8929,152.58,97.44,1362386.82,870041.76,2010,3,Shipped,4
Madrid,Spain,Household,3098,668.27,502.54,2070300.46,1556868.92,2012,11,Shipped,4
Reims,France,Clothes,5867,109.28,35.84,641145.76,210273.28,2011,2,Shipped,4
Oulu,Finland,Cosmetics,522,437.2,263.33,228218.4,137458.26,2012,8,Shipped,1
San Francisco,USA,Snacks,7379,152.58,97.44,1125887.82,719009.76,2014,8,Shipped,1
Paris,France,Office Supplies,8788,651.21,524.96,5722833.48,4613348.48,2015,8,Shipped,1
San Jose,USA,Beverages,4129,47.45,31.79,195921.05,131260.91,2011,3,Shipped,2
Boston,USA,Beverages,4811,47.45,31.79,228281.95,152941.69,2013,4,On Hold,2
Stavern,Norway,Baby Food,9279,255.28,159.42,2368743.12,1479258.18,2015,11,Shipped,1
Paris,France,Household,8006,668.27,502.54,5350169.62,4023335.24,2014,1,Shipped,2
Madrid,Spain,Office Supplies,8496,651.21,524.96,5532680.16,4460060.16,2015,4,Shipped,2
Burlingame,USA,Household,285,668.27,502.54,190456.95,143223.9,2013,1,Shipped,3
Singapore,Singapore,Personal Care,9942,81.73,56.67,812559.66,563413.14,2013,2,Shipped,3
Graz,Austria,Meat,6064,421.89,364.69,2558340.96,2211480.16,2014,11,Resolved,4
London,UK,Meat,4281,421.89,364.69,1806111.09,1561237.89,2015,1,Shipped,4
Philadelphia,USA,Personal Care,2256,81.73,56.67,184382.88,127847.52,2011,2,Shipped,4
Lyon,France,Snacks,4679,152.58,97.44,713921.82,455921.76,2013,4,Shipped,4
Boston,USA,Cosmetics,8275,437.2,263.33,3617830,2179055.75,2017,7,Shipped,4
Singapore,Singapore,Fruits,6798,9.33,6.92,63425.34,47042.16,2017,4,Shipped,1
San Rafael,USA,Baby Food,6035,255.28,159.42,1540614.8,962099.7,2014,5,Shipped,1
New Haven,USA,Baby Food,8803,255.28,159.42,2247229.84,1403374.26,2015,8,Shipped,2
Singapore,Singapore,Snacks,9951,152.58,97.44,1518323.58,969625.44,2013,9,Shipped,2
Chatswood,Australia,Cereal,1358,205.7,117.11,279340.6,159035.38,2013,10,Shipped,3
Allentown,USA,Cereal,6936,205.7,117.11,1426735.2,812274.96,2014,7,Shipped,3
Boras,Sweden,Fruits,7627,9.33,6.92,71159.91,52778.84,2011,11,Shipped,3
Cambridge,USA,Snacks,6405,152.58,97.44,977274.9,624103.2,2010,3,Shipped,4
Vancouver,Canada,Cereal,3274,205.7,117.11,673461.8,383418.14,2011,7,Shipped,4
Nashua,USA,Baby Food,271,255.28,159.42,69180.88,43202.82,2011,1,Shipped,4
Lule,Sweden,Clothes,6463,109.28,35.84,706276.64,231633.92,2016,6,On Hold,4
Melbourne,Australia,Fruits,2949,9.33,6.92,27514.17,20407.08,2013,12,Shipped,4
San Rafael,USA,Meat,7859,421.89,364.69,3315633.51,2866098.71,2017,3,Shipped,4
North Sydney,Australia,Baby Food,1353,255.28,159.42,345393.84,215695.26,2010,7,Shipped,1
San Francisco,USA,Snacks,624,152.58,97.44,95209.92,60802.56,2013,7,Shipped,1
North Sydney,Australia,Office Supplies,4897,651.21,524.96,3188975.37,2570729.12,2016,8,Shipped,1
Montreal,Canada,Meat,424,421.89,364.69,178881.36,154628.56,2014,12,Shipped,2
Nantes,France,Office Supplies,5494,651.21,524.96,3577747.74,2884130.24,2012,5,In Process,2
Makati City,Philippines,Household,5423,668.27,502.54,3624028.21,2725274.42,2017,7,Shipped,1
Marseille,France,Personal Care,7559,81.73,56.67,617797.07,428368.53,2017,7,Shipped,2
San Rafael,USA,Office Supplies,6283,651.21,524.96,4091552.43,3298323.68,2011,9,Shipped,3
Brickhaven,USA,Vegetables,8006,154.06,90.93,1233404.36,727985.58,2015,11,Shipped,3
San Francisco,USA,Office Supplies,6170,651.21,524.96,4017965.7,3239003.2,2012,8,Shipped,4
North Sydney,Australia,Clothes,6249,109.28,35.84,682890.72,223964.16,2015,12,Shipped,4
Bergen,Norway,Vegetables,748,154.06,90.93,115236.88,68015.64,2014,5,Shipped,4
Koln,Germany,Beverages,4203,47.45,31.79,199432.35,133613.37,2012,10,Shipped,4
Madrid,Spain,Office Supplies,8180,651.21,524.96,5326897.8,4294172.8,2013,3,Shipped,4
Paris,France,Office Supplies,6280,651.21,524.96,4089598.8,3296748.8,2011,2,Shipped,1
Gensve,Switzerland,Household,9131,668.27,502.54,6101973.37,4588692.74,2014,8,Shipped,1
Kobenhavn,Denmark,Personal Care,9396,81.73,56.67,767935.08,532471.32,2017,7,Shipped,2
Liverpool,UK,Clothes,6765,109.28,35.84,739279.2,242457.6,2010,12,Cancelled,2
Reggio Emilia,Italy,Personal Care,2964,81.73,56.67,242247.72,167969.88,2010,1,Shipped,3
Brickhaven,USA,Office Supplies,6746,651.21,524.96,4393062.66,3541380.16,2011,9,Shipped,3
Gensve,Switzerland,Office Supplies,8898,651.21,524.96,5794466.58,4671094.08,2014,3,Shipped,3
Frankfurt,Germany,Clothes,7237,109.28,35.84,790859.36,259374.08,2012,11,Shipped,4
Koln,Germany,Personal Care,1612,81.73,56.67,131748.76,91352.04,2011,11,Shipped,4
Lule,Sweden,Beverages,8904,47.45,31.79,422494.8,283058.16,2012,7,Shipped,4
NYC,USA,Personal Care,8022,81.73,56.67,655638.06,454606.74,2017,3,Shipped,4
Salzburg,Austria,Personal Care,4909,81.73,56.67,401212.57,278193.03,2010,7,Shipped,4
Espoo,Finland,Personal Care,7539,81.73,56.67,616162.47,427235.13,2015,12,Shipped,1
Nantes,France,Office Supplies,917,651.21,524.96,597159.57,481388.32,2016,5,Shipped,1
Boras,Sweden,Meat,2079,421.89,364.69,877109.31,758190.51,2010,11,Shipped,1
Salzburg,Austria,Meat,5093,421.89,364.69,2148685.77,1857366.17,2010,12,Shipped,2
Kobenhavn,Denmark,Snacks,6056,152.58,97.44,924024.48,590096.64,2014,1,Shipped,1
Singapore,Singapore,Baby Food,8099,255.28,159.42,2067512.72,1291142.58,2014,12,Shipped,2
NYC,USA,Cosmetics,6384,437.2,263.33,2791084.8,1681098.72,2016,12,Shipped,2
San Rafael,USA,Household,3101,668.27,502.54,2072305.27,1558376.54,2013,3,Shipped,3
Madrid,Spain,Personal Care,2476,81.73,56.67,202363.48,140314.92,2012,12,Shipped,3
Singapore,Singapore,Baby Food,5763,255.28,159.42,1471178.64,918737.46,2015,2,Shipped,4
Reggio Emilia,Italy,Beverages,6247,47.45,31.79,296420.15,198592.13,2012,3,Shipped,4
New Bedford,USA,Vegetables,4247,154.06,90.93,654292.82,386179.71,2016,10,Shipped,4
New Haven,USA,Beverages,2111,47.45,31.79,100166.95,67108.69,2011,12,Shipped,4
Lyon,France,Household,9219,668.27,502.54,6160781.13,4632916.26,2016,3,Shipped,1
Dublin,Ireland,Baby Food,6982,255.28,159.42,1782364.96,1113070.44,2011,1,Shipped,1
Madrid,Spain,Clothes,3843,109.28,35.84,419963.04,137733.12,2013,4,Shipped,1
Espoo,Finland,Fruits,274,9.33,6.92,2556.42,1896.08,2010,5,Shipped,2
Allentown,USA,Cereal,3782,205.7,117.11,777957.4,442910.02,2017,6,Shipped,3
San Rafael,USA,Personal Care,3901,81.73,56.67,318828.73,221069.67,2012,9,Shipped,3
Torino,Italy,Baby Food,7200,255.28,159.42,1838016,1147824,2017,3,Shipped,3
Manchester,UK,Household,2278,668.27,502.54,1522319.06,1144786.12,2015,1,Shipped,4
Aaarhus,Denmark,Personal Care,4763,81.73,56.67,389279.99,269919.21,2010,7,Shipped,4
Stavern,Norway,Snacks,2317,152.58,97.44,353527.86,225768.48,2016,6,Shipped,4
Paris,France,Meat,9633,421.89,364.69,4064066.37,3513058.77,2012,8,Shipped,4
Madrid,Spain,Vegetables,3434,154.06,90.93,529042.04,312253.62,2010,3,Shipped,4
Reims,France,Vegetables,7475,154.06,90.93,1151598.5,679701.75,2010,1,Shipped,4
San Rafael,USA,Cereal,7542,205.7,117.11,1551389.4,883243.62,2014,2,Shipped,1
San Rafael,USA,Vegetables,6452,154.06,90.93,993995.12,586680.36,2014,1,Shipped,1
Paris,France,Household,9055,668.27,502.54,6051184.85,4550499.7,2010,2,Shipped,1
Bridgewater,USA,Personal Care,7230,81.73,56.67,590907.9,409724.1,2015,2,Shipped,2
Stavern,Norway,Office Supplies,4888,651.21,524.96,3183114.48,2566004.48,2012,6,Shipped,1
San Rafael,USA,Clothes,2972,109.28,35.84,324780.16,106516.48,2013,3,Shipped,1
Madrid,Spain,Household,4455,668.27,502.54,2977142.85,2238815.7,2014,4,Shipped,2
Burlingame,USA,Meat,9341,421.89,364.69,3940874.49,3406569.29,2017,7,Shipped,3
Singapore,Singapore,Fruits,9669,9.33,6.92,90211.77,66909.48,2010,10,Shipped,3
Graz,Austria,Baby Food,4503,255.28,159.42,1149525.84,717868.26,2016,11,Resolved,4
South Brisbane,Australia,Clothes,4944,109.28,35.84,540280.32,177192.96,2014,3,Shipped,4
Philadelphia,USA,Vegetables,9121,154.06,90.93,1405181.26,829372.53,2016,8,Shipped,4
Lyon,France,Personal Care,7196,81.73,56.67,588129.08,407797.32,2016,1,Shipped,4
Vancouver,Canada,Fruits,6360,9.33,6.92,59338.8,44011.2,2016,10,Shipped,4
Versailles,France,Baby Food,5837,255.28,159.42,1490069.36,930534.54,2016,12,Shipped,1
San Rafael,USA,Vegetables,1882,154.06,90.93,289940.92,171130.26,2011,8,Shipped,1
New Haven,USA,Clothes,2782,109.28,35.84,304016.96,99706.88,2012,3,Shipped,2
Minato-ku,Japan,Snacks,3853,152.58,97.44,587890.74,375436.32,2012,4,Shipped,2
Chatswood,Australia,Household,2445,668.27,502.54,1633920.15,1228710.3,2014,1,Shipped,3
Allentown,USA,Household,2936,668.27,502.54,1962040.72,1475457.44,2016,12,Shipped,3
Boras,Sweden,Baby Food,1739,255.28,159.42,443931.92,277231.38,2013,11,Shipped,3
Versailles,France,Clothes,2296,109.28,35.84,250906.88,82288.64,2010,4,Shipped,4
Vancouver,Canada,Baby Food,80,255.28,159.42,20422.4,12753.6,2012,7,Shipped,4
Nashua,USA,Personal Care,7597,81.73,56.67,620902.81,430521.99,2016,10,Shipped,4
San Francisco,USA,Meat,9381,421.89,364.69,3957750.09,3421156.89,2012,9,Shipped,4
Melbourne,Australia,Office Supplies,7002,651.21,524.96,4559772.42,3675769.92,2017,7,Shipped,4
San Rafael,USA,Cosmetics,4056,437.2,263.33,1773283.2,1068066.48,2011,7,Shipped,4
North Sydney,Australia,Vegetables,1175,154.06,90.93,181020.5,106842.75,2010,6,Shipped,1
San Francisco,USA,Office Supplies,1020,651.21,524.96,664234.2,535459.2,2015,7,Shipped,1
North Sydney,Australia,Baby Food,3282,255.28,159.42,837828.96,523216.44,2010,8,Shipped,1
Montreal,Canada,Office Supplies,9685,651.21,524.96,6306968.85,5084237.6,2010,6,Shipped,2
Madrid,Spain,Cereal,8985,205.7,117.11,1848214.5,1052233.35,2012,4,In Process,2
NYC,USA,Cereal,1967,205.7,117.11,404611.9,230355.37,2014,2,Shipped,1
Reims,France,Household,6449,668.27,502.54,4309673.23,3240880.46,2011,7,Shipped,2
Paris,France,Baby Food,2279,255.28,159.42,581783.12,363318.18,2016,2,Shipped,3
Pasadena,USA,Baby Food,6338,255.28,159.42,1617964.64,1010403.96,2014,1,Shipped,3
San Francisco,USA,Personal Care,7536,81.73,56.67,615917.28,427065.12,2015,5,Shipped,4
North Sydney,Australia,Clothes,1816,109.28,35.84,198452.48,65085.44,2012,2,Shipped,4
Lille,France,Cereal,7151,205.7,117.11,1470960.7,837453.61,2012,9,Shipped,4
Pasadena,USA,Office Supplies,8547,651.21,524.96,5565891.87,4486833.12,2015,2,Shipped,4
San Francisco,USA,Fruits,3039,9.33,6.92,28353.87,21029.88,2010,11,Shipped,4
Paris,France,Vegetables,4695,154.06,90.93,723311.7,426916.35,2011,7,Shipped,1
Lille,France,Beverages,9614,47.45,31.79,456184.3,305629.06,2014,7,Shipped,1
NYC,USA,Meat,924,421.89,364.69,389826.36,336973.56,2014,8,Shipped,2
Newark,USA,Vegetables,3789,154.06,90.93,583733.34,344533.77,2015,2,Shipped,2
Bridgewater,USA,Household,399,668.27,502.54,266639.73,200513.46,2016,9,Shipped,2
Brickhaven,USA,Household,4979,668.27,502.54,3327316.33,2502146.66,2013,6,Shipped,3
Cambridge,USA,Meat,8783,421.89,364.69,3705459.87,3203072.27,2012,1,Shipped,3
Helsinki,Finland,Beverages,5098,47.45,31.79,241900.1,162065.42,2012,5,Shipped,3
Stavern,Norway,Cereal,4240,205.7,117.11,872168,496546.4,2011,10,Shipped,4
NYC,USA,Household,8559,668.27,502.54,5719722.93,4301239.86,2016,4,Shipped,4
NYC,USA,Meat,7435,421.89,364.69,3136752.15,2711470.15,2014,1,Shipped,4
Salzburg,Austria,Fruits,2278,9.33,6.92,21253.74,15763.76,2016,11,Shipped,4
Burlingame,USA,Household,1531,668.27,502.54,1023121.37,769388.74,2011,2,Shipped,1
Nantes,France,Baby Food,5668,255.28,159.42,1446927.04,903592.56,2014,10,Shipped,1
New Bedford,USA,Beverages,2193,47.45,31.79,104057.85,69715.47,2012,6,Shipped,1
Liverpool,UK,Household,642,668.27,502.54,429029.34,322630.68,2012,11,Shipped,2
Madrid,Spain,Household,7584,668.27,502.54,5068159.68,3811263.36,2014,2,Disputed,2
Madrid,Spain,Baby Food,1616,255.28,159.42,412532.48,257622.72,2015,9,Shipped,1
Singapore,Singapore,Snacks,8369,152.58,97.44,1276942.02,815475.36,2014,3,Shipped,2
NYC,USA,Fruits,5503,9.33,6.92,51342.99,38080.76,2014,10,Shipped,2
San Rafael,USA,Vegetables,7712,154.06,90.93,1188110.72,701252.16,2012,6,Shipped,3
Madrid,Spain,Clothes,1718,109.28,35.84,187743.04,61573.12,2010,11,Shipped,3
Singapore,Singapore,Personal Care,1276,81.73,56.67,104287.48,72310.92,2010,11,Shipped,4
Reggio Emilia,Italy,Vegetables,2173,154.06,90.93,334772.38,197590.89,2014,4,Shipped,4
New Bedford,USA,Snacks,7227,152.58,97.44,1102695.66,704198.88,2012,12,Shipped,4
New Haven,USA,Household,1285,668.27,502.54,858726.95,645763.9,2014,8,Shipped,4
Lyon,France,Fruits,6227,9.33,6.92,58097.91,43090.84,2016,11,Shipped,1
Dublin,Ireland,Cereal,5965,205.7,117.11,1227000.5,698561.15,2010,10,Shipped,1
Frankfurt,Germany,Meat,1441,421.89,364.69,607943.49,525518.29,2014,12,Shipped,1
Espoo,Finland,Clothes,5629,109.28,35.84,615137.12,201743.36,2011,3,Shipped,2
Allentown,USA,Cosmetics,8534,437.2,263.33,3731064.8,2247258.22,2016,7,Shipped,3
San Rafael,USA,Household,2191,668.27,502.54,1464179.57,1101065.14,2011,1,Shipped,3
Torino,Italy,Office Supplies,5668,651.21,524.96,3691058.28,2975473.28,2010,2,Shipped,3
Manchester,UK,Vegetables,64,154.06,90.93,9859.84,5819.52,2015,1,Shipped,4
Aaarhus,Denmark,Office Supplies,3509,651.21,524.96,2285095.89,1842084.64,2016,7,Shipped,4
NYC,USA,Vegetables,6163,154.06,90.93,949471.78,560401.59,2014,6,Shipped,4
Paris,France,Beverages,5220,47.45,31.79,247689,165943.8,2012,12,Shipped,4
Madrid,Spain,Household,9902,668.27,502.54,6617209.54,4976151.08,2010,2,Shipped,4
Madrid,Spain,Vegetables,6465,154.06,90.93,995997.9,587862.45,2016,4,Shipped,4
Minato-ku,Japan,Vegetables,3195,154.06,90.93,492221.7,290521.35,2012,7,Shipped,1
San Rafael,USA,Cereal,5409,205.7,117.11,1112631.3,633447.99,2015,2,Shipped,1
Bridgewater,USA,Beverages,455,47.45,31.79,21589.75,14464.45,2011,2,Shipped,2
Makati City,Philippines,Cosmetics,2715,437.2,263.33,1186998,714940.95,2015,1,Shipped,1
Marseille,France,Beverages,8598,47.45,31.79,407975.1,273330.42,2012,5,Shipped,2
San Rafael,USA,Vegetables,1547,154.06,90.93,238330.82,140668.71,2015,12,Shipped,3
Brickhaven,USA,Vegetables,7036,154.06,90.93,1083966.16,639783.48,2017,2,Shipped,3
Los Angeles,USA,Baby Food,7570,255.28,159.42,1932469.6,1206809.4,2012,1,Shipped,4
Graz,Austria,Cosmetics,7685,437.2,263.33,3359882,2023691.05,2013,2,Shipped,4
Bergen,Norway,Household,8948,668.27,502.54,5979679.96,4496727.92,2014,9,Shipped,4
Koln,Germany,Cereal,4957,205.7,117.11,1019654.9,580514.27,2012,6,Shipped,4
Madrid,Spain,Cosmetics,6344,437.2,263.33,2773596.8,1670565.52,2014,4,Shipped,4
Madrid,Spain,Office Supplies,5768,651.21,524.96,3756179.28,3027969.28,2014,2,Shipped,1
Gensve,Switzerland,Office Supplies,2923,651.21,524.96,1903486.83,1534458.08,2010,9,Shipped,1
Kobenhavn,Denmark,Office Supplies,9532,651.21,524.96,6207333.72,5003918.72,2011,5,Shipped,2
Liverpool,UK,Beverages,4349,47.45,31.79,206360.05,138254.71,2013,4,Cancelled,2
Reggio Emilia,Italy,Beverages,8161,47.45,31.79,387239.45,259438.19,2014,8,Shipped,3
Brickhaven,USA,Snacks,8786,152.58,97.44,1340567.88,856107.84,2010,9,Shipped,3
Gensve,Switzerland,Personal Care,6071,81.73,56.67,496182.83,344043.57,2013,4,Shipped,3
Frankfurt,Germany,Fruits,6897,9.33,6.92,64349.01,47727.24,2016,1,Shipped,4
Koln,Germany,Clothes,175,109.28,35.84,19124,6272,2013,12,Shipped,4
Lule,Sweden,Cereal,1848,205.7,117.11,380133.6,216419.28,2014,2,Shipped,4
NYC,USA,Clothes,9888,109.28,35.84,1080560.64,354385.92,2017,6,Shipped,4
Salzburg,Austria,Household,9302,668.27,502.54,6216247.54,4674627.08,2014,4,Shipped,4
Espoo,Finland,Fruits,7124,9.33,6.92,66466.92,49298.08,2011,5,Shipped,1
Glendale,USA,Vegetables,7422,154.06,90.93,1143433.32,674882.46,2012,8,Shipped,1
Boras,Sweden,Cosmetics,6296,437.2,263.33,2752611.2,1657925.68,2015,7,Shipped,1
Salzburg,Austria,Cosmetics,6874,437.2,263.33,3005312.8,1810130.42,2014,10,Shipped,2
Kobenhavn,Denmark,Household,4319,668.27,502.54,2886258.13,2170470.26,2013,10,Shipped,1
Singapore,Singapore,Beverages,822,47.45,31.79,39003.9,26131.38,2013,2,Shipped,2
NYC,USA,Baby Food,607,255.28,159.42,154954.96,96767.94,2014,7,Shipped,2
San Rafael,USA,Cereal,4928,205.7,117.11,1013689.6,577118.08,2016,12,Shipped,3
Madrid,Spain,Cereal,7073,205.7,117.11,1454916.1,828319.03,2012,11,Shipped,3
Singapore,Singapore,Baby Food,7358,255.28,159.42,1878350.24,1173012.36,2014,11,Shipped,4
Reggio Emilia,Italy,Meat,8132,421.89,364.69,3430809.48,2965659.08,2013,8,Shipped,4
New Bedford,USA,Personal Care,8775,81.73,56.67,717180.75,497279.25,2012,5,Shipped,4
New Haven,USA,Clothes,699,109.28,35.84,76386.72,25052.16,2015,7,Shipped,4
Lyon,France,Clothes,2344,109.28,35.84,256152.32,84008.96,2017,2,Shipped,1
Dublin,Ireland,Beverages,4186,47.45,31.79,198625.7,133072.94,2012,1,Shipped,1
Madrid,Spain,Beverages,3729,47.45,31.79,176941.05,118544.91,2015,8,Shipped,1
Espoo,Finland,Baby Food,508,255.28,159.42,129682.24,80985.36,2013,6,Shipped,2
Allentown,USA,Meat,1093,421.89,364.69,461125.77,398606.17,2011,8,Shipped,3
San Rafael,USA,Meat,4080,421.89,364.69,1721311.2,1487935.2,2016,10,Shipped,3
Torino,Italy,Vegetables,5100,154.06,90.93,785706,463743,2010,9,Shipped,3
Manchester,UK,Beverages,1815,47.45,31.79,86121.75,57698.85,2013,7,Shipped,4
Aaarhus,Denmark,Vegetables,8916,154.06,90.93,1373598.96,810731.88,2012,10,Shipped,4
Stavern,Norway,Vegetables,3127,154.06,90.93,481745.62,284338.11,2012,1,Shipped,4
Paris,France,Baby Food,8203,255.28,159.42,2094061.84,1307722.26,2012,2,Shipped,4
NYC,USA,Clothes,9930,109.28,35.84,1085150.4,355891.2,2015,1,Shipped,4
Reims,France,Personal Care,1126,81.73,56.67,92027.98,63810.42,2012,5,Shipped,4
Minato-ku,Japan,Snacks,6639,152.58,97.44,1012978.62,646904.16,2012,1,Shipped,1
San Rafael,USA,Cereal,8349,205.7,117.11,1717389.3,977751.39,2011,7,Shipped,1
San Rafael,USA,Snacks,167,152.58,97.44,25480.86,16272.48,2017,3,Shipped,1
Bridgewater,USA,Office Supplies,3036,651.21,524.96,1977073.56,1593778.56,2017,3,Shipped,2
Makati City,Philippines,Baby Food,9929,255.28,159.42,2534675.12,1582881.18,2016,3,Shipped,1
Marseille,France,Beverages,851,47.45,31.79,40379.95,27053.29,2015,12,Shipped,2
San Rafael,USA,Fruits,7838,9.33,6.92,73128.54,54238.96,2011,10,Shipped,3
Brickhaven,USA,Baby Food,9958,255.28,159.42,2542078.24,1587504.36,2011,6,Shipped,3
San Francisco,USA,Cosmetics,8309,437.2,263.33,3632694.8,2188008.97,2016,3,Shipped,4
North Sydney,Australia,Household,1021,668.27,502.54,682303.67,513093.34,2016,12,Shipped,4
Bergen,Norway,Fruits,8256,9.33,6.92,77028.48,57131.52,2013,4,Shipped,4
Koln,Germany,Household,7205,668.27,502.54,4814885.35,3620800.7,2017,3,Shipped,4
Madrid,Spain,Personal Care,7092,81.73,56.67,579629.16,401903.64,2011,6,Shipped,4
Paris,France,Personal Care,4173,81.73,56.67,341059.29,236483.91,2013,11,Shipped,1
Gensve,Switzerland,Cereal,6733,205.7,117.11,1384978.1,788501.63,2013,5,Shipped,1
Kobenhavn,Denmark,Personal Care,89,81.73,56.67,7273.97,5043.63,2010,11,Shipped,2
Liverpool,UK,Office Supplies,1591,651.21,524.96,1036075.11,835211.36,2016,3,Cancelled,2
Reggio Emilia,Italy,Snacks,5618,152.58,97.44,857194.44,547417.92,2013,8,Shipped,3
Brickhaven,USA,Beverages,8581,47.45,31.79,407168.45,272789.99,2011,4,Shipped,3
Gensve,Switzerland,Baby Food,3923,255.28,159.42,1001463.44,625404.66,2014,7,Shipped,3
Frankfurt,Germany,Beverages,7117,47.45,31.79,337701.65,226249.43,2014,9,Shipped,4
Koln,Germany,Household,668,668.27,502.54,446404.36,335696.72,2015,6,Shipped,4
Lule,Sweden,Cereal,9113,205.7,117.11,1874544.1,1067223.43,2013,12,Shipped,4
NYC,USA,Cereal,4019,205.7,117.11,826708.3,470665.09,2012,5,Shipped,4
Salzburg,Austria,Cosmetics,8984,437.2,263.33,3927804.8,2365756.72,2013,10,Shipped,4
Espoo,Finland,Fruits,4638,9.33,6.92,43272.54,32094.96,2011,1,Shipped,1
Helsinki,Finland,Household,3642,668.27,502.54,2433839.34,1830250.68,2013,2,Shipped,1
Boras,Sweden,Baby Food,5689,255.28,159.42,1452287.92,906940.38,2011,3,Shipped,1
Salzburg,Austria,Personal Care,2503,81.73,56.67,204570.19,141845.01,2012,10,Shipped,2
Madrid,Spain,Beverages,2838,47.45,31.79,134663.1,90220.02,2014,10,Shipped,1
NYC,USA,Baby Food,7480,255.28,159.42,1909494.4,1192461.6,2015,7,Shipped,2
NYC,USA,Cereal,4247,205.7,117.11,873607.9,497366.17,2010,5,Shipped,2
Espoo,Finland,Vegetables,2988,154.06,90.93,460331.28,271698.84,2010,11,Shipped,3
Oulu,Finland,Clothes,582,109.28,35.84,63600.96,20858.88,2010,12,Shipped,3
Singapore,Singapore,Cosmetics,5940,437.2,263.33,2596968,1564180.2,2012,12,Shipped,4
London,UK,Personal Care,5005,81.73,56.67,409058.65,283633.35,2016,8,Shipped,4
Sevilla,Spain,Personal Care,5751,81.73,56.67,470029.23,325909.17,2015,2,Shipped,4
White Plains,USA,Cereal,3181,205.7,117.11,654331.7,372526.91,2013,12,Shipped,4
Boston,USA,Meat,4334,421.89,364.69,1828471.26,1580566.46,2012,5,Shipped,4
Brisbane,USA,Meat,3275,421.89,364.69,1381689.75,1194359.75,2014,3,Shipped,1
San Rafael,USA,Personal Care,6103,81.73,56.67,498798.19,345857.01,2017,1,Shipped,1
Madrid,Spain,Baby Food,5949,255.28,159.42,1518660.72,948389.58,2015,6,Shipped,2
Singapore,Singapore,Cosmetics,7974,437.2,263.33,3486232.8,2099793.42,2012,11,Shipped,2
San Rafael,USA,Vegetables,4369,154.06,90.93,673088.14,397273.17,2010,1,Shipped,3
Allentown,USA,Meat,9359,421.89,364.69,3948468.51,3413133.71,2016,1,Shipped,3
NYC,USA,Beverages,4199,47.45,31.79,199242.55,133486.21,2014,10,Shipped,3
Cambridge,USA,Office Supplies,2173,651.21,524.96,1415079.33,1140738.08,2013,12,Shipped,4
Aaarhus,Denmark,Cereal,3601,205.7,117.11,740725.7,421713.11,2010,10,Shipped,4
NYC,USA,Personal Care,830,81.73,56.67,67835.9,47036.1,2011,5,Shipped,4
Paris,France,Snacks,3241,152.58,97.44,494511.78,315803.04,2011,3,Shipped,4
NYC,USA,Office Supplies,2244,651.21,524.96,1461315.24,1178010.24,2014,9,Shipped,4
Madrid,Spain,Cereal,6283,205.7,117.11,1292413.1,735802.13,2015,12,Shipped,4
San Rafael,USA,Cereal,5829,205.7,117.11,1199025.3,682634.19,2017,6,Shipped,1
San Rafael,USA,Cosmetics,8390,437.2,263.33,3668108,2209338.7,2011,8,Shipped,1
Madrid,Spain,Meat,3499,421.89,364.69,1476193.11,1276050.31,2014,7,Shipped,2
Nantes,France,Meat,7726,421.89,364.69,3259522.14,2817594.94,2017,1,In Process,2
Makati City,Philippines,Fruits,9669,9.33,6.92,90211.77,66909.48,2010,11,Shipped,1
Marseille,France,Baby Food,4957,255.28,159.42,1265422.96,790244.94,2015,3,Shipped,2
San Rafael,USA,Clothes,1251,109.28,35.84,136709.28,44835.84,2012,10,Shipped,3
Brickhaven,USA,Meat,3245,421.89,364.69,1369033.05,1183419.05,2013,7,Shipped,3
Los Angeles,USA,Cosmetics,7661,437.2,263.33,3349389.2,2017371.13,2013,8,Shipped,4
Graz,Austria,Personal Care,8254,81.73,56.67,674599.42,467754.18,2013,11,Shipped,4
Bergen,Norway,Office Supplies,812,651.21,524.96,528782.52,426267.52,2016,3,Shipped,4
Nashua,USA,Meat,8150,421.89,364.69,3438403.5,2972223.5,2012,3,Shipped,4
Madrid,Spain,Cosmetics,5118,437.2,263.33,2237589.6,1347722.94,2017,6,Shipped,4
Madrid,Spain,Cosmetics,3596,437.2,263.33,1572171.2,946934.68,2014,4,Shipped,1
Gensve,Switzerland,Clothes,7494,109.28,35.84,818944.32,268584.96,2016,6,Shipped,1
Oulu,Finland,Meat,7755,421.89,364.69,3271756.95,2828170.95,2012,5,Shipped,2
Liverpool,UK,Office Supplies,7353,651.21,524.96,4788347.13,3860030.88,2014,2,Cancelled,2
Reggio Emilia,Italy,Beverages,6293,47.45,31.79,298602.85,200054.47,2015,11,Shipped,3
Singapore,Singapore,Baby Food,6610,255.28,159.42,1687400.8,1053766.2,2013,1,Shipped,3
Gensve,Switzerland,Snacks,7373,152.58,97.44,1124972.34,718425.12,2013,4,Shipped,3
Frankfurt,Germany,Cosmetics,9679,437.2,263.33,4231658.8,2548771.07,2010,5,Shipped,4
Koln,Germany,Cosmetics,1659,437.2,263.33,725314.8,436864.47,2010,4,Shipped,4
New Bedford,USA,Vegetables,3473,154.06,90.93,535050.38,315799.89,2012,8,Shipped,4
NYC,USA,Household,2315,668.27,502.54,1547045.05,1163380.1,2014,4,Shipped,4
Salzburg,Austria,Household,7408,668.27,502.54,4950544.16,3722816.32,2013,2,Shipped,4
Espoo,Finland,Baby Food,5006,255.28,159.42,1277931.68,798056.52,2011,12,Shipped,1
Helsinki,Finland,Baby Food,3395,255.28,159.42,866675.6,541230.9,2014,8,Shipped,1
Boras,Sweden,Vegetables,7894,154.06,90.93,1216149.64,717801.42,2014,8,Shipped,1
Strasbourg,France,Cereal,5851,205.7,117.11,1203550.7,685210.61,2014,3,Shipped,2
Salzburg,Austria,Household,1646,668.27,502.54,1099972.42,827180.84,2012,9,Shipped,2
Stavern,Norway,Fruits,1689,9.33,6.92,15758.37,11687.88,2010,9,Shipped,1
San Rafael,USA,Beverages,9424,47.45,31.79,447168.8,299588.96,2013,8,Shipped,1
Madrid,Spain,Personal Care,323,81.73,56.67,26398.79,18304.41,2012,9,Shipped,2
Burlingame,USA,Office Supplies,6892,651.21,524.96,4488139.32,3618024.32,2011,8,Shipped,3
Singapore,Singapore,Cosmetics,3667,437.2,263.33,1603212.4,965631.11,2015,4,Shipped,3
Graz,Austria,Household,2215,668.27,502.54,1480218.05,1113126.1,2010,7,Resolved,4
South Brisbane,Australia,Meat,6135,421.89,364.69,2588295.15,2237373.15,2015,8,Shipped,4
Philadelphia,USA,Meat,6057,421.89,364.69,2555387.73,2208927.33,2015,10,Shipped,4
Lyon,France,Cereal,4641,205.7,117.11,954653.7,543507.51,2012,7,Shipped,4
Vancouver,Canada,Snacks,1581,152.58,97.44,241228.98,154052.64,2012,3,Shipped,4
Burbank,USA,Baby Food,8600,255.28,159.42,2195408,1371012,2014,8,Shipped,1
Cambridge,USA,Cereal,4452,205.7,117.11,915776.4,521373.72,2016,10,Shipped,1
New Haven,USA,Cosmetics,9924,437.2,263.33,4338772.8,2613286.92,2016,12,Shipped,2
Minato-ku,Japan,Personal Care,2834,81.73,56.67,231622.82,160602.78,2010,6,Shipped,2
Chatswood,Australia,Vegetables,3030,154.06,90.93,466801.8,275517.9,2016,7,Shipped,3
Torino,Italy,Office Supplies,7391,651.21,524.96,4813093.11,3879979.36,2013,12,Shipped,3
Boras,Sweden,Clothes,4829,109.28,35.84,527713.12,173071.36,2012,7,Shipped,3
Versailles,France,Fruits,1287,9.33,6.92,12007.71,8906.04,2012,1,Shipped,4
San Rafael,USA,Personal Care,4738,81.73,56.67,387236.74,268502.46,2013,3,Shipped,4
Nashua,USA,Household,186,668.27,502.54,124298.22,93472.44,2014,2,Shipped,4
San Francisco,USA,Snacks,4668,152.58,97.44,712243.44,454849.92,2013,10,Shipped,4
Melbourne,Australia,Beverages,2252,47.45,31.79,106857.4,71591.08,2016,4,Shipped,4
San Rafael,USA,Cosmetics,9036,437.2,263.33,3950539.2,2379449.88,2011,5,Shipped,4
North Sydney,Australia,Cereal,8149,205.7,117.11,1676249.3,954329.39,2016,8,Shipped,1
San Francisco,USA,Snacks,4754,152.58,97.44,725365.32,463229.76,2012,7,Shipped,1
North Sydney,Australia,Beverages,1042,47.45,31.79,49442.9,33125.18,2014,12,Shipped,1
Montreal,Canada,Cosmetics,1237,437.2,263.33,540816.4,325739.21,2010,5,Shipped,2
Madrid,Spain,Beverages,6594,47.45,31.79,312885.3,209623.26,2013,2,In Process,2
Philadelphia,USA,Beverages,399,47.45,31.79,18932.55,12684.21,2015,6,Shipped,1
Marseille,France,Vegetables,2969,154.06,90.93,457404.14,269971.17,2014,10,Shipped,2
Toulouse,France,Snacks,6653,152.58,97.44,1015114.74,648268.32,2017,2,Shipped,3
North Sydney,Australia,Vegetables,832,154.06,90.93,128177.92,75653.76,2010,6,Shipped,3
Aaarhus,Denmark,Vegetables,6915,154.06,90.93,1065324.9,628780.95,2014,5,Shipped,4
Montreal,Canada,Meat,3346,421.89,364.69,1411643.94,1220252.74,2015,3,Shipped,4
Bergen,Norway,Office Supplies,598,651.21,524.96,389423.58,313926.08,2015,8,Shipped,4
Nashua,USA,Personal Care,6176,81.73,56.67,504764.48,349993.92,2015,8,Shipped,4
NYC,USA,Cosmetics,9615,437.2,263.33,4203678,2531917.95,2016,2,Shipped,4
Madrid,Spain,Household,7485,668.27,502.54,5002000.95,3761511.9,2015,6,Shipped,1
Gensve,Switzerland,Cereal,8382,205.7,117.11,1724177.4,981616.02,2012,11,Shipped,1
Osaka,Japan,Snacks,7938,152.58,97.44,1211180.04,773478.72,2012,9,Shipped,2
Liverpool,UK,Clothes,3812,109.28,35.84,416575.36,136622.08,2012,6,Cancelled,2
Reggio Emilia,Italy,Beverages,698,47.45,31.79,33120.1,22189.42,2014,10,Shipped,3
Las Vegas,USA,Cosmetics,5320,437.2,263.33,2325904,1400915.6,2015,9,Shipped,3
Gensve,Switzerland,Office Supplies,1431,651.21,524.96,931881.51,751217.76,2016,1,Shipped,3
Oslo,Norway,Fruits,4818,9.33,6.92,44951.94,33340.56,2010,3,Shipped,4
Koln,Germany,Personal Care,8299,81.73,56.67,678277.27,470304.33,2012,7,Shipped,4
New Bedford,USA,Clothes,6722,109.28,35.84,734580.16,240916.48,2015,10,Shipped,4
Philadelphia,USA,Office Supplies,1968,651.21,524.96,1281581.28,1033121.28,2017,6,Shipped,4
Melbourne,Australia,Beverages,7946,47.45,31.79,377037.7,252603.34,2016,4,Shipped,4
Paris,France,Clothes,5600,109.28,35.84,611968,200704,2015,8,Shipped,4
New Bedford,USA,Cereal,7903,205.7,117.11,1625647.1,925520.33,2012,6,Shipped,1
Helsinki,Finland,Cosmetics,4860,437.2,263.33,2124792,1279783.8,2016,4,Shipped,1
San Rafael,USA,Baby Food,8508,255.28,159.42,2171922.24,1356345.36,2014,9,Shipped,1
Kobenhavn,Denmark,Snacks,7913,152.58,97.44,1207365.54,771042.72,2015,8,Disputed,2
Salzburg,Austria,Office Supplies,4174,651.21,524.96,2718150.54,2191183.04,2012,7,Shipped,2
NYC,USA,Snacks,5421,152.58,97.44,827136.18,528222.24,2011,8,Shipped,1
San Francisco,USA,Household,1816,668.27,502.54,1213578.32,912612.64,2012,6,Shipped,1
Melbourne,Australia,Beverages,550,47.45,31.79,26097.5,17484.5,2011,11,Shipped,2
Chatswood,Australia,Beverages,848,47.45,31.79,40237.6,26957.92,2015,5,Shipped,3
Brisbane,USA,Personal Care,8963,81.73,56.67,732545.99,507933.21,2010,7,Shipped,3
San Francisco,USA,Cosmetics,3183,437.2,263.33,1391607.6,838179.39,2016,5,Shipped,4
Bergamo,Italy,Cosmetics,8825,437.2,263.33,3858290,2323887.25,2011,4,Shipped,4
San Rafael,USA,Beverages,3237,47.45,31.79,153595.65,102904.23,2012,8,Shipped,4
Glen Waverly,Australia,Clothes,799,109.28,35.84,87314.72,28636.16,2012,3,Shipped,4
Madrid,Spain,Household,7922,668.27,502.54,5294034.94,3981121.88,2010,8,Shipped,4
Burbank,USA,Baby Food,8049,255.28,159.42,2054748.72,1283171.58,2013,2,Shipped,1
Lyon,France,Meat,6654,421.89,364.69,2807256.06,2426647.26,2011,3,Shipped,1
Madrid,Spain,Office Supplies,6240,651.21,524.96,4063550.4,3275750.4,2015,12,Shipped,2
Kobenhavn,Denmark,Office Supplies,1345,651.21,524.96,875877.45,706071.2,2017,2,Shipped,2
Torino,Italy,Office Supplies,3536,651.21,524.96,2302678.56,1856258.56,2016,9,Shipped,3
Bergen,Norway,Baby Food,6411,255.28,159.42,1636600.08,1022041.62,2010,4,Shipped,3
Versailles,France,Beverages,600,47.45,31.79,28470,19074,2013,6,Shipped,4
San Rafael,USA,Household,8765,668.27,502.54,5857386.55,4404763.1,2012,7,Shipped,4
Nashua,USA,Snacks,597,152.58,97.44,91090.26,58171.68,2013,9,Shipped,4
Manchester,UK,Personal Care,7821,81.73,56.67,639210.33,443216.07,2016,12,Shipped,4
Las Vegas,USA,Meat,9191,421.89,364.69,3877590.99,3351865.79,2011,9,Shipped,4
Paris,France,Personal Care,5494,81.73,56.67,449024.62,311344.98,2011,3,Shipped,4
Brickhaven,USA,Fruits,4546,9.33,6.92,42414.18,31458.32,2011,1,Shipped,1
Madrid,Spain,Office Supplies,6197,651.21,524.96,4035548.37,3253177.12,2015,2,Shipped,1
North Sydney,Australia,Fruits,7325,9.33,6.92,68342.25,50689,2017,5,Shipped,1
Allentown,USA,Meat,6844,421.89,364.69,2887415.16,2495938.36,2012,7,In Process,2
NYC,USA,Cereal,694,205.7,117.11,142755.8,81274.34,2015,6,Shipped,1
San Francisco,USA,Snacks,6850,152.58,97.44,1045173,667464,2011,10,Shipped,1
Madrid,Spain,Office Supplies,316,651.21,524.96,205782.36,165887.36,2014,9,Shipped,2
Chatswood,Australia,Office Supplies,8128,651.21,524.96,5293034.88,4266874.88,2015,9,Shipped,3
Brisbane,USA,Meat,4355,421.89,364.69,1837330.95,1588224.95,2011,3,Shipped,3
San Francisco,USA,Beverages,5093,47.45,31.79,241662.85,161906.47,2013,10,Shipped,4
Bergamo,Italy,Vegetables,3475,154.06,90.93,535358.5,315981.75,2010,8,Shipped,4
San Rafael,USA,Clothes,4659,109.28,35.84,509135.52,166978.56,2012,7,Shipped,4
Glen Waverly,Australia,Household,840,668.27,502.54,561346.8,422133.6,2012,9,Shipped,4
Madrid,Spain,Baby Food,6240,255.28,159.42,1592947.2,994780.8,2012,11,Shipped,4
Burbank,USA,Cereal,2114,205.7,117.11,434849.8,247570.54,2011,11,Shipped,1
Lyon,France,Household,1749,668.27,502.54,1168804.23,878942.46,2017,6,Shipped,1
Madrid,Spain,Snacks,5462,152.58,97.44,833391.96,532217.28,2011,9,Shipped,2
Kobenhavn,Denmark,Vegetables,5602,154.06,90.93,863044.12,509389.86,2015,10,Shipped,2
Torino,Italy,Beverages,1547,47.45,31.79,73405.15,49179.13,2010,4,Shipped,3
Bergen,Norway,Vegetables,4711,154.06,90.93,725776.66,428371.23,2014,7,Shipped,3
Versailles,France,Cosmetics,3534,437.2,263.33,1545064.8,930608.22,2014,12,Shipped,4
San Rafael,USA,Beverages,8491,47.45,31.79,402897.95,269928.89,2014,5,Shipped,4
Nashua,USA,Cosmetics,7086,437.2,263.33,3097999.2,1865956.38,2012,8,Shipped,4
Manchester,UK,Baby Food,8856,255.28,159.42,2260759.68,1411823.52,2010,8,Shipped,4
Melbourne,Australia,Baby Food,368,255.28,159.42,93943.04,58666.56,2014,4,Shipped,4
Paris,France,Fruits,221,9.33,6.92,2061.93,1529.32,2015,6,Shipped,4
Brickhaven,USA,Snacks,4044,152.58,97.44,617033.52,394047.36,2010,8,Shipped,1
San Francisco,USA,Beverages,9499,47.45,31.79,450727.55,301973.21,2012,8,Shipped,1
North Sydney,Australia,Meat,1277,421.89,364.69,538753.53,465709.13,2016,7,Shipped,1
Allentown,USA,Vegetables,6104,154.06,90.93,940382.24,555036.72,2010,9,In Process,2
Manchester,UK,Vegetables,7733,154.06,90.93,1191345.98,703161.69,2011,3,Shipped,1
Nantes,France,Fruits,1950,9.33,6.92,18193.5,13494,2012,4,Shipped,2
Reims,France,Snacks,1574,152.58,97.44,240160.92,153370.56,2013,5,Shipped,3
North Sydney,Australia,Meat,1452,421.89,364.69,612584.28,529529.88,2014,8,Shipped,3
Aaarhus,Denmark,Snacks,3465,152.58,97.44,528689.7,337629.6,2013,7,Shipped,4
Bridgewater,USA,Fruits,1523,9.33,6.92,14209.59,10539.16,2016,7,Shipped,4
Bergen,Norway,Fruits,6569,9.33,6.92,61288.77,45457.48,2011,9,Shipped,4
Nashua,USA,Beverages,1578,47.45,31.79,74876.1,50164.62,2011,4,Shipped,4
NYC,USA,Meat,6552,421.89,364.69,2764223.28,2389448.88,2017,2,Shipped,4
Madrid,Spain,Cosmetics,3530,437.2,263.33,1543316,929554.9,2016,11,Shipped,1
San Diego,USA,Baby Food,1578,255.28,159.42,402831.84,251564.76,2010,10,Shipped,1
Strasbourg,France,Snacks,1794,152.58,97.44,273728.52,174807.36,2015,3,Shipped,2
Liverpool,UK,Household,2309,668.27,502.54,1543035.43,1160364.86,2013,6,Cancelled,2
Reggio Emilia,Italy,Cosmetics,3284,437.2,263.33,1435764.8,864775.72,2012,10,Shipped,3
Las Vegas,USA,Fruits,1910,9.33,6.92,17820.3,13217.2,2017,7,Shipped,3
Singapore,Singapore,Office Supplies,7413,651.21,524.96,4827419.73,3891528.48,2010,6,Shipped,3
Oslo,Norway,Vegetables,6046,154.06,90.93,931446.76,549762.78,2017,2,Shipped,4
Madrid,Spain,Meat,6096,421.89,364.69,2571841.44,2223150.24,2011,1,Shipped,4
New Bedford,USA,Fruits,2880,9.33,6.92,26870.4,19929.6,2016,1,Shipped,4
Philadelphia,USA,Baby Food,3747,255.28,159.42,956534.16,597346.74,2011,7,Shipped,4
Reims,France,Beverages,3077,47.45,31.79,146003.65,97817.83,2012,3,Shipped,4
Pasadena,USA,Vegetables,7281,154.06,90.93,1121710.86,662061.33,2010,12,Resolved,1
Madrid,Spain,Fruits,9800,9.33,6.92,91434,67816,2013,3,Shipped,1
San Jose,USA,Household,6110,668.27,502.54,4083129.7,3070519.4,2010,2,On Hold,2
Salzburg,Austria,Personal Care,8714,81.73,56.67,712195.22,493822.38,2013,2,Shipped,2
Bergamo,Italy,Beverages,2149,47.45,31.79,101970.05,68316.71,2011,10,Shipped,1
Salzburg,Austria,Office Supplies,7982,651.21,524.96,5197958.22,4190230.72,2015,10,Shipped,2
Glendale,USA,Household,9812,668.27,502.54,6557065.24,4930922.48,2013,2,Shipped,2
New Bedford,USA,Personal Care,8269,81.73,56.67,675825.37,468604.23,2011,8,Shipped,3
Helsinki,Finland,Meat,6014,421.89,364.69,2537246.46,2193245.66,2012,12,Shipped,4
Boras,Sweden,Baby Food,2739,255.28,159.42,699211.92,436651.38,2015,9,Cancelled,4
Toulouse,France,Vegetables,168,154.06,90.93,25882.08,15276.24,2012,3,Shipped,4
London,UK,Cereal,7055,205.7,117.11,1451213.5,826211.05,2014,8,Shipped,4
Makati City,Philippines,Fruits,4188,9.33,6.92,39074.04,28980.96,2013,7,Shipped,4
Osaka,Japan,Cosmetics,9383,437.2,263.33,4102247.6,2470825.39,2012,1,Shipped,1
San Diego,USA,Clothes,2488,109.28,35.84,271888.64,89169.92,2014,3,Shipped,1
San Jose,USA,Fruits,385,9.33,6.92,3592.05,2664.2,2013,9,Shipped,2
Madrid,Spain,Office Supplies,1983,651.21,524.96,1291349.43,1040995.68,2013,1,Cancelled,2
Brickhaven,USA,Cosmetics,3226,437.2,263.33,1410407.2,849502.58,2011,10,Shipped,3
Oslo,Norway,Fruits,2087,9.33,6.92,19471.71,14442.04,2010,11,Shipped,3
Munich,Germany,Office Supplies,3570,651.21,524.96,2324819.7,1874107.2,2015,10,Shipped,3
Philadelphia,USA,Cosmetics,4713,437.2,263.33,2060523.6,1241074.29,2010,7,Shipped,4
Cowes,UK,Fruits,9582,9.33,6.92,89400.06,66307.44,2014,3,Shipped,4
Kobenhavn,Denmark,Beverages,4276,47.45,31.79,202896.2,135934.04,2016,9,Resolved,4
Charleroi,Belgium,Clothes,1925,109.28,35.84,210364,68992,2012,9,Shipped,4
London,UK,Snacks,7689,152.58,97.44,1173187.62,749216.16,2013,2,Shipped,4
Oulu,Finland,Personal Care,3762,81.73,56.67,307468.26,213192.54,2011,1,Shipped,1
Madrid,Spain,Cereal,4368,205.7,117.11,898497.6,511536.48,2015,10,Resolved,1
Reims,France,Office Supplies,760,651.21,524.96,494919.6,398969.6,2011,2,Shipped,1
San Jose,USA,Personal Care,6225,81.73,56.67,508769.25,352770.75,2012,4,Shipped,2
Reggio Emilia,Italy,Meat,1080,421.89,364.69,455641.2,393865.2,2016,8,Shipped,2
Nashua,USA,Beverages,7675,47.45,31.79,364178.75,243988.25,2014,12,Shipped,1
Manchester,UK,Clothes,5388,109.28,35.84,588800.64,193105.92,2010,6,Shipped,1
Las Vegas,USA,Personal Care,5631,81.73,56.67,460221.63,319108.77,2015,2,Shipped,2
Brisbane,USA,Cereal,6847,205.7,117.11,1408427.9,801852.17,2015,3,Shipped,3
San Francisco,USA,Household,9509,668.27,502.54,6354579.43,4778652.86,2013,7,Shipped,4
Bergamo,Italy,Beverages,1122,47.45,31.79,53238.9,35668.38,2010,1,Shipped,4
San Rafael,USA,Cereal,1222,205.7,117.11,251365.4,143108.42,2013,2,Shipped,4
Glen Waverly,Australia,Personal Care,6377,81.73,56.67,521192.21,361384.59,2013,8,Shipped,4
NYC,USA,Meat,5185,421.89,364.69,2187499.65,1890917.65,2010,11,Shipped,4
Madrid,Spain,Cereal,3275,205.7,117.11,673667.5,383535.25,2016,8,Shipped,1
Lyon,France,Vegetables,8310,154.06,90.93,1280238.6,755628.3,2013,4,Shipped,1
Strasbourg,France,Fruits,4981,9.33,6.92,46472.73,34468.52,2011,3,Shipped,2
Torino,Italy,Household,13,668.27,502.54,8687.51,6533.02,2013,9,Shipped,3
Singapore,Singapore,Meat,7159,421.89,364.69,3020310.51,2610815.71,2014,5,Shipped,3
Liverpool,UK,Meat,2207,421.89,364.69,931111.23,804870.83,2014,11,Shipped,4
San Rafael,USA,Fruits,7973,9.33,6.92,74388.09,55173.16,2014,8,Shipped,4
Philadelphia,USA,Office Supplies,9306,651.21,524.96,6060160.26,4885277.76,2013,11,Shipped,4
Marseille,France,Meat,8086,421.89,364.69,3411402.54,2948883.34,2010,2,Shipped,4
Pasadena,USA,Snacks,8225,152.58,97.44,1254970.5,801444,2017,3,Resolved,1
Madrid,Spain,Beverages,664,47.45,31.79,31506.8,21108.56,2015,11,Shipped,1
San Jose,USA,Beverages,8377,47.45,31.79,397488.65,266304.83,2010,8,On Hold,2
Chatswood,Australia,Cereal,1370,205.7,117.11,281809,160440.7,2010,11,In Process,2
Makati City,Philippines,Meat,1677,421.89,364.69,707509.53,611585.13,2011,12,Shipped,1
Marseille,France,Vegetables,8367,154.06,90.93,1289020.02,760811.31,2014,1,Shipped,2
San Rafael,USA,Vegetables,2539,154.06,90.93,391158.34,230871.27,2010,10,Shipped,3
Brickhaven,USA,Household,2321,668.27,502.54,1551054.67,1166395.34,2015,10,Shipped,3
Los Angeles,USA,Snacks,7876,152.58,97.44,1201720.08,767437.44,2013,7,Shipped,4
Graz,Austria,Snacks,6396,152.58,97.44,975901.68,623226.24,2016,1,Shipped,4
Bergen,Norway,Cereal,7103,205.7,117.11,1461087.1,831832.33,2013,8,Shipped,4
Nashua,USA,Vegetables,6254,154.06,90.93,963491.24,568676.22,2016,8,Shipped,4
Madrid,Spain,Baby Food,2134,255.28,159.42,544767.52,340202.28,2013,9,Shipped,4
Madrid,Spain,Meat,61,421.89,364.69,25735.29,22246.09,2013,8,Shipped,1
Gensve,Switzerland,Cosmetics,7383,437.2,263.33,3227847.6,1944165.39,2010,12,Shipped,1
Oulu,Finland,Vegetables,8480,154.06,90.93,1306428.8,771086.4,2012,9,Shipped,2
Liverpool,UK,Cosmetics,9764,437.2,263.33,4268820.8,2571154.12,2011,10,Cancelled,2
Reggio Emilia,Italy,Household,4676,668.27,502.54,3124830.52,2349877.04,2013,8,Shipped,3
Las Vegas,USA,Beverages,8691,47.45,31.79,412387.95,276286.89,2017,2,Shipped,3
Gensve,Switzerland,Baby Food,4312,255.28,159.42,1100767.36,687419.04,2010,10,Shipped,3
Frankfurt,Germany,Personal Care,6077,81.73,56.67,496673.21,344383.59,2014,7,Shipped,4
Koln,Germany,Personal Care,5553,81.73,56.67,453846.69,314688.51,2015,5,Shipped,4
New Bedford,USA,Personal Care,6338,81.73,56.67,518004.74,359174.46,2016,5,Shipped,4
NYC,USA,Office Supplies,9063,651.21,524.96,5901916.23,4757712.48,2010,4,Shipped,4
Melbourne,Australia,Office Supplies,6388,651.21,524.96,4159929.48,3353444.48,2013,10,Shipped,4
Espoo,Finland,Vegetables,8005,154.06,90.93,1233250.3,727894.65,2010,7,Shipped,1
Helsinki,Finland,Fruits,5639,9.33,6.92,52611.87,39021.88,2015,6,Shipped,1
Boras,Sweden,Snacks,8044,152.58,97.44,1227353.52,783807.36,2010,6,Shipped,1
Strasbourg,France,Baby Food,6007,255.28,159.42,1533466.96,957635.94,2016,5,Shipped,2
Salzburg,Austria,Cosmetics,7344,437.2,263.33,3210796.8,1933895.52,2013,8,Shipped,2
Philadelphia,USA,Vegetables,1905,154.06,90.93,293484.3,173221.65,2013,9,Shipped,1
Marseille,France,Meat,6569,421.89,364.69,2771395.41,2395648.61,2010,7,Shipped,2
Toulouse,France,Meat,248,421.89,364.69,104628.72,90443.12,2013,12,Shipped,3
North Sydney,Australia,Office Supplies,8883,651.21,524.96,5784698.43,4663219.68,2016,3,Shipped,3
Aaarhus,Denmark,Snacks,449,152.58,97.44,68508.42,43750.56,2010,6,Shipped,4
Montreal,Canada,Personal Care,9950,81.73,56.67,813213.5,563866.5,2017,5,Shipped,4
Bergen,Norway,Cosmetics,4423,437.2,263.33,1933735.6,1164708.59,2013,6,Shipped,4
Nashua,USA,Fruits,7934,9.33,6.92,74024.22,54903.28,2010,2,Shipped,4
NYC,USA,Cereal,6583,205.7,117.11,1354123.1,770935.13,2012,6,Shipped,4
Madrid,Spain,Vegetables,3500,154.06,90.93,539210,318255,2015,3,Shipped,1
San Diego,USA,Cereal,3844,205.7,117.11,790710.8,450170.84,2014,2,Shipped,1
Osaka,Japan,Clothes,9810,109.28,35.84,1072036.8,351590.4,2017,5,Shipped,2
Liverpool,UK,Vegetables,5620,154.06,90.93,865817.2,511026.6,2011,8,Cancelled,2
Reggio Emilia,Italy,Baby Food,2530,255.28,159.42,645858.4,403332.6,2010,11,Shipped,3
Las Vegas,USA,Household,3825,668.27,502.54,2556132.75,1922215.5,2015,4,Shipped,3
Gensve,Switzerland,Vegetables,9823,154.06,90.93,1513331.38,893205.39,2014,7,Shipped,3
Oslo,Norway,Clothes,2873,109.28,35.84,313961.44,102968.32,2014,8,Shipped,4
Koln,Germany,Clothes,2354,109.28,35.84,257245.12,84367.36,2011,3,Shipped,4
New Bedford,USA,Baby Food,9677,255.28,159.42,2470344.56,1542707.34,2016,3,Shipped,4
Philadelphia,USA,Cereal,3286,205.7,117.11,675930.2,384823.46,2015,12,Shipped,4
Melbourne,Australia,Personal Care,3653,81.73,56.67,298559.69,207015.51,2013,3,Shipped,4
Paris,France,Snacks,8283,152.58,97.44,1263820.14,807095.52,2015,6,Shipped,4
Charleroi,Belgium,Vegetables,6714,154.06,90.93,1034358.84,610504.02,2016,2,Shipped,1
Helsinki,Finland,Vegetables,5511,154.06,90.93,849024.66,501115.23,2013,6,Shipped,1
San Rafael,USA,Baby Food,3273,255.28,159.42,835531.44,521781.66,2014,5,Shipped,1
Kobenhavn,Denmark,Meat,5632,421.89,364.69,2376084.48,2053934.08,2015,6,Disputed,2
Salzburg,Austria,Snacks,246,152.58,97.44,37534.68,23970.24,2014,6,Shipped,2
Madrid,Spain,Cosmetics,1810,437.2,263.33,791332,476627.3,2013,11,Shipped,1
NYC,USA,Cosmetics,7047,437.2,263.33,3080948.4,1855686.51,2017,4,Shipped,2
NYC,USA,Beverages,9711,47.45,31.79,460786.95,308712.69,2010,5,Shipped,2
Espoo,Finland,Snacks,5588,152.58,97.44,852617.04,544494.72,2010,5,Shipped,3
Oulu,Finland,Beverages,7497,47.45,31.79,355732.65,238329.63,2016,6,Shipped,3
Singapore,Singapore,Meat,285,421.89,364.69,120238.65,103936.65,2013,8,Shipped,4
Reggio Emilia,Italy,Fruits,5833,9.33,6.92,54421.89,40364.36,2014,10,Shipped,4
Sevilla,Spain,Meat,8052,421.89,364.69,3397058.28,2936483.88,2010,10,Shipped,4
White Plains,USA,Clothes,7884,109.28,35.84,861563.52,282562.56,2012,11,Shipped,4
Boston,USA,Cereal,8302,205.7,117.11,1707721.4,972247.22,2010,5,Shipped,4
Brisbane,USA,Snacks,9312,152.58,97.44,1420824.96,907361.28,2012,8,Shipped,1
Frankfurt,Germany,Cereal,2950,205.7,117.11,606815,345474.5,2015,1,Shipped,1
Madrid,Spain,Beverages,8282,47.45,31.79,392980.9,263284.78,2010,3,Shipped,2
Singapore,Singapore,Cosmetics,6409,437.2,263.33,2802014.8,1687681.97,2014,5,Shipped,2
San Rafael,USA,Snacks,5459,152.58,97.44,832934.22,531924.96,2010,12,Shipped,3
San Rafael,USA,Household,5594,668.27,502.54,3738302.38,2811208.76,2014,10,Shipped,3
NYC,USA,Meat,4006,421.89,364.69,1690091.34,1460948.14,2015,1,Shipped,3
Cambridge,USA,Beverages,9919,47.45,31.79,470656.55,315325.01,2017,4,Shipped,4
Aaarhus,Denmark,Meat,9587,421.89,364.69,4044659.43,3496283.03,2016,8,Shipped,4
NYC,USA,Household,1297,668.27,502.54,866746.19,651794.38,2016,11,Shipped,4
Paris,France,Beverages,366,47.45,31.79,17366.7,11635.14,2011,9,Shipped,4
NYC,USA,Personal Care,4144,81.73,56.67,338689.12,234840.48,2010,10,Shipped,4
Madrid,Spain,Baby Food,7008,255.28,159.42,1789002.24,1117215.36,2013,8,Shipped,4
San Rafael,USA,Cosmetics,5372,437.2,263.33,2348638.4,1414608.76,2013,2,Shipped,1
San Rafael,USA,Vegetables,2677,154.06,90.93,412418.62,243419.61,2014,8,Shipped,1
Madrid,Spain,Office Supplies,4396,651.21,524.96,2862719.16,2307724.16,2017,1,Shipped,2
Nantes,France,Meat,3036,421.89,364.69,1280858.04,1107198.84,2016,7,In Process,2
Nashua,USA,Office Supplies,3131,651.21,524.96,2038938.51,1643649.76,2010,3,Shipped,1
Manchester,UK,Beverages,6249,47.45,31.79,296515.05,198655.71,2015,6,Shipped,1
Las Vegas,USA,Household,5990,668.27,502.54,4002937.3,3010214.6,2012,6,Shipped,2
Brisbane,USA,Office Supplies,2982,651.21,524.96,1941908.22,1565430.72,2016,12,Shipped,3
San Francisco,USA,Personal Care,9886,81.73,56.67,807982.78,560239.62,2015,3,Shipped,4
Bergamo,Italy,Snacks,6397,152.58,97.44,976054.26,623323.68,2013,6,Shipped,4
San Rafael,USA,Office Supplies,4236,651.21,524.96,2758525.56,2223730.56,2011,8,Shipped,4
Glen Waverly,Australia,Clothes,2158,109.28,35.84,235826.24,77342.72,2014,4,Shipped,4
NYC,USA,Baby Food,951,255.28,159.42,242771.28,151608.42,2012,2,Shipped,4
Madrid,Spain,Office Supplies,8431,651.21,524.96,5490351.51,4425937.76,2015,8,Shipped,1
Lyon,France,Baby Food,4447,255.28,159.42,1135230.16,708940.74,2013,9,Shipped,1
Strasbourg,France,Snacks,5879,152.58,97.44,897017.82,572849.76,2015,5,Shipped,2
Torino,Italy,Snacks,1637,152.58,97.44,249773.46,159509.28,2015,5,Shipped,3
Singapore,Singapore,Snacks,7665,152.58,97.44,1169525.7,746877.6,2013,7,Shipped,3
Sevilla,Spain,Personal Care,1936,81.73,56.67,158229.28,109713.12,2010,6,Shipped,4
San Rafael,USA,Beverages,9455,47.45,31.79,448639.75,300574.45,2011,11,Shipped,4
Manchester,UK,Fruits,7258,9.33,6.92,67717.14,50225.36,2016,10,Shipped,4
Marseille,France,Vegetables,9412,154.06,90.93,1450012.72,855833.16,2014,2,Shipped,4
Pasadena,USA,Meat,2016,421.89,364.69,850530.24,735215.04,2016,4,Resolved,1
Madrid,Spain,Cosmetics,8200,437.2,263.33,3585040,2159306,2010,8,Shipped,1
San Jose,USA,Personal Care,3124,81.73,56.67,255324.52,177037.08,2015,8,On Hold,2
Chatswood,Australia,Cereal,8983,205.7,117.11,1847803.1,1051999.13,2016,8,In Process,2
Madrid,Spain,Clothes,9998,109.28,35.84,1092581.44,358328.32,2015,6,Shipped,1
Paris,France,Clothes,7425,109.28,35.84,811404,266112,2011,1,Shipped,2
NYC,USA,Beverages,4550,47.45,31.79,215897.5,144644.5,2011,2,Shipped,2
Espoo,Finland,Vegetables,1691,154.06,90.93,260515.46,153762.63,2012,11,Shipped,3
Oulu,Finland,Clothes,1196,109.28,35.84,130698.88,42864.64,2014,9,Shipped,3
Singapore,Singapore,Baby Food,2444,255.28,159.42,623904.32,389622.48,2012,5,Shipped,4
London,UK,Personal Care,6848,81.73,56.67,559687.04,388076.16,2010,2,Shipped,4
Sevilla,Spain,Vegetables,2849,154.06,90.93,438916.94,259059.57,2017,2,Shipped,4
White Plains,USA,Personal Care,921,81.73,56.67,75273.33,52193.07,2013,5,Shipped,4
Boston,USA,Baby Food,8569,255.28,159.42,2187494.32,1366069.98,2013,11,Shipped,4
San Rafael,USA,Clothes,5330,109.28,35.84,582462.4,191027.2,2012,1,Shipped,1
Madrid,Spain,Fruits,7769,9.33,6.92,72484.77,53761.48,2013,9,Shipped,2
Singapore,Singapore,Personal Care,4487,81.73,56.67,366722.51,254278.29,2010,9,Shipped,2
San Rafael,USA,Cereal,1113,205.7,117.11,228944.1,130343.43,2014,10,Shipped,3
Allentown,USA,Household,5308,668.27,502.54,3547177.16,2667482.32,2016,1,Shipped,3
NYC,USA,Vegetables,1764,154.06,90.93,271761.84,160400.52,2016,12,Shipped,3
Cambridge,USA,Beverages,7206,47.45,31.79,341924.7,229078.74,2013,8,Shipped,4
Vancouver,Canada,Office Supplies,5387,651.21,524.96,3508068.27,2827959.52,2014,7,Shipped,4
NYC,USA,Office Supplies,2095,651.21,524.96,1364284.95,1099791.2,2013,11,Shipped,4
Lule,Sweden,Clothes,146,109.28,35.84,15954.88,5232.64,2011,1,On Hold,4
NYC,USA,Snacks,4390,152.58,97.44,669826.2,427761.6,2013,11,Shipped,4
Madrid,Spain,Fruits,6705,9.33,6.92,62557.65,46398.6,2012,4,Shipped,4
North Sydney,Australia,Office Supplies,1004,651.21,524.96,653814.84,527059.84,2012,6,Shipped,1
Madrid,Spain,Clothes,8228,109.28,35.84,899155.84,294891.52,2010,6,Shipped,1
Madrid,Spain,Office Supplies,1352,651.21,524.96,880435.92,709745.92,2010,8,Shipped,2
Nantes,France,Snacks,379,152.58,97.44,57827.82,36929.76,2014,12,In Process,2
Frankfurt,Germany,Clothes,7347,109.28,35.84,802880.16,263316.48,2011,1,Shipped,1
Manchester,UK,Personal Care,1322,81.73,56.67,108047.06,74917.74,2014,5,Shipped,1
Las Vegas,USA,Cereal,3404,205.7,117.11,700202.8,398642.44,2010,11,Shipped,2
Brisbane,USA,Fruits,1721,9.33,6.92,16056.93,11909.32,2014,3,Shipped,3
San Francisco,USA,Clothes,6436,109.28,35.84,703326.08,230666.24,2016,7,Shipped,4
Bergamo,Italy,Meat,4741,421.89,364.69,2000180.49,1728995.29,2014,7,Shipped,4
San Rafael,USA,Beverages,5859,47.45,31.79,278009.55,186257.61,2013,10,Shipped,4
Glen Waverly,Australia,Snacks,6045,152.58,97.44,922346.1,589024.8,2017,1,Shipped,4
NYC,USA,Meat,3585,421.89,364.69,1512475.65,1307413.65,2012,12,Shipped,4
Madrid,Spain,Personal Care,3797,81.73,56.67,310328.81,215175.99,2010,4,Shipped,1
Lyon,France,Cosmetics,4029,437.2,263.33,1761478.8,1060956.57,2011,2,Shipped,1
Boston,USA,Clothes,8661,109.28,35.84,946474.08,310410.24,2015,1,Shipped,2
Torino,Italy,Vegetables,4105,154.06,90.93,632416.3,373267.65,2014,11,Shipped,3
Singapore,Singapore,Cosmetics,3803,437.2,263.33,1662671.6,1001443.99,2016,1,Shipped,3
Versailles,France,Cereal,3227,205.7,117.11,663793.9,377913.97,2017,5,Shipped,4
San Rafael,USA,Fruits,4884,9.33,6.92,45567.72,33797.28,2015,2,Shipped,4
Nashua,USA,Office Supplies,3309,651.21,524.96,2154853.89,1737092.64,2013,12,Shipped,4
Manchester,UK,Office Supplies,70,651.21,524.96,45584.7,36747.2,2015,12,Shipped,4
Marseille,France,Beverages,8766,47.45,31.79,415946.7,278671.14,2016,9,Shipped,4
Paris,France,Personal Care,25,81.73,56.67,2043.25,1416.75,2016,7,Shipped,4
Pasadena,USA,Beverages,6510,47.45,31.79,308899.5,206952.9,2017,1,Resolved,1
Madrid,Spain,Personal Care,7913,81.73,56.67,646729.49,448429.71,2016,11,Shipped,1
San Rafael,USA,Clothes,5957,109.28,35.84,650980.96,213498.88,2015,10,Shipped,1
Singapore,Singapore,Beverages,9397,47.45,31.79,445887.65,298730.63,2011,1,Shipped,2
Chatswood,Australia,Cosmetics,9020,437.2,263.33,3943544,2375236.6,2015,11,In Process,2
Stavern,Norway,Snacks,2643,152.58,97.44,403268.94,257533.92,2010,6,Shipped,1
Paris,France,Beverages,114,47.45,31.79,5409.3,3624.06,2014,2,Shipped,2
Madrid,Spain,Meat,8313,421.89,364.69,3507171.57,3031667.97,2013,2,Shipped,2
Burlingame,USA,Vegetables,6152,154.06,90.93,947777.12,559401.36,2017,4,Shipped,3
Oulu,Finland,Meat,9572,421.89,364.69,4038331.08,3490812.68,2011,4,Shipped,3
Singapore,Singapore,Personal Care,6548,81.73,56.67,535168.04,371075.16,2010,12,Shipped,4
London,UK,Meat,2085,421.89,364.69,879640.65,760378.65,2014,5,Shipped,4
Sevilla,Spain,Personal Care,3217,81.73,56.67,262925.41,182307.39,2013,1,Shipped,4
Lyon,France,Household,4014,668.27,502.54,2682435.78,2017195.56,2010,12,Shipped,4
Boston,USA,Baby Food,573,255.28,159.42,146275.44,91347.66,2013,1,Shipped,4
Singapore,Singapore,Cosmetics,6025,437.2,263.33,2634130,1586563.25,2014,2,Shipped,1
San Rafael,USA,Fruits,5530,9.33,6.92,51594.9,38267.6,2017,7,Shipped,1
Madrid,Spain,Household,1280,668.27,502.54,855385.6,643251.2,2016,5,Shipped,2
Singapore,Singapore,Office Supplies,7501,651.21,524.96,4884726.21,3937724.96,2012,3,Shipped,2
San Rafael,USA,Household,5446,668.27,502.54,3639398.42,2736832.84,2011,10,Shipped,3
Allentown,USA,Office Supplies,8401,651.21,524.96,5470815.21,4410188.96,2014,12,Shipped,3
Boras,Sweden,Personal Care,6684,81.73,56.67,546283.32,378782.28,2011,8,Shipped,3
Cambridge,USA,Beverages,2644,47.45,31.79,125457.8,84052.76,2015,4,Shipped,4
Vancouver,Canada,Vegetables,5660,154.06,90.93,871979.6,514663.8,2014,1,Shipped,4
Nashua,USA,Office Supplies,7144,651.21,524.96,4652244.24,3750314.24,2012,2,Shipped,4
Lule,Sweden,Clothes,5537,109.28,35.84,605083.36,198446.08,2011,4,On Hold,4
Melbourne,Australia,Beverages,1315,47.45,31.79,62396.75,41803.85,2013,12,Shipped,4
San Rafael,USA,Vegetables,1980,154.06,90.93,305038.8,180041.4,2012,9,Shipped,4
North Sydney,Australia,Vegetables,7071,154.06,90.93,1089358.26,642966.03,2015,12,Shipped,1
San Francisco,USA,Vegetables,3153,154.06,90.93,485751.18,286702.29,2014,6,Shipped,1
North Sydney,Australia,Office Supplies,8826,651.21,524.96,5747579.46,4633296.96,2015,3,Shipped,1
Madrid,Spain,Beverages,9719,47.45,31.79,461166.55,308967.01,2014,8,Shipped,2
Nantes,France,Personal Care,3494,81.73,56.67,285564.62,198004.98,2010,7,In Process,2
Bergamo,Italy,Household,4843,668.27,502.54,3236431.61,2433801.22,2013,1,Shipped,1
Melbourne,Australia,Snacks,490,152.58,97.44,74764.2,47745.6,2010,7,Shipped,2
Madrid,Spain,Cosmetics,4189,437.2,263.33,1831430.8,1103089.37,2011,7,Shipped,2
Pasadena,USA,Fruits,1727,9.33,6.92,16112.91,11950.84,2010,5,Shipped,3
Burlingame,USA,Clothes,5921,109.28,35.84,647046.88,212208.64,2013,10,Shipped,4
Osaka,Japan,Vegetables,1619,154.06,90.93,249423.14,147215.67,2014,7,Shipped,1
Melbourne,Australia,Office Supplies,702,651.21,524.96,457149.42,368521.92,2010,4,Shipped,1
Tsawassen,Canada,Meat,7081,421.89,364.69,2987403.09,2582369.89,2014,8,Shipped,2
San Jose,USA,Baby Food,1698,255.28,159.42,433465.44,270695.16,2016,1,Shipped,2
Bridgewater,USA,Baby Food,7526,255.28,159.42,1921237.28,1199794.92,2011,5,Shipped,2
Nantes,France,Beverages,4571,47.45,31.79,216893.95,145312.09,2010,2,Shipped,3
Oslo,Norway,Household,4869,668.27,502.54,3253806.63,2446867.26,2015,2,Shipped,3
Dublin,Ireland,Meat,7487,421.89,364.69,3158690.43,2730434.03,2011,6,Shipped,3
White Plains,USA,Fruits,3524,9.33,6.92,32878.92,24386.08,2015,5,Shipped,4
Allentown,USA,Snacks,1109,152.58,97.44,169211.22,108060.96,2010,5,Shipped,4
Kobenhavn,Denmark,Baby Food,404,255.28,159.42,103133.12,64405.68,2011,2,Resolved,4
Minato-ku,Japan,Personal Care,8601,81.73,56.67,702959.73,487418.67,2014,6,Shipped,4
Glendale,USA,Cosmetics,4924,437.2,263.33,2152772.8,1296636.92,2010,10,Shipped,4
South Brisbane,Australia,Vegetables,5628,154.06,90.93,867049.68,511754.04,2010,5,Shipped,1
Madrid,Spain,Personal Care,8998,81.73,56.67,735406.54,509916.66,2017,2,Resolved,1
Reims,France,Office Supplies,352,651.21,524.96,229225.92,184785.92,2016,11,Shipped,1
Newark,USA,Baby Food,7040,255.28,159.42,1797171.2,1122316.8,2011,12,On Hold,2
Reggio Emilia,Italy,Clothes,3440,109.28,35.84,375923.2,123289.6,2016,12,Shipped,2
NYC,USA,Clothes,5963,109.28,35.84,651636.64,213713.92,2017,2,Shipped,1
Melbourne,Australia,Cosmetics,8053,437.2,263.33,3520771.6,2120596.49,2010,5,Shipped,2
Paris,France,Baby Food,5183,255.28,159.42,1323116.24,826273.86,2010,9,Shipped,3
Pasadena,USA,Cosmetics,9858,437.2,263.33,4309917.6,2595907.14,2014,3,Shipped,3
San Francisco,USA,Personal Care,6613,81.73,56.67,540480.49,374758.71,2010,7,Shipped,4
Burlingame,USA,Cosmetics,7017,437.2,263.33,3067832.4,1847786.61,2016,12,Shipped,4
Lille,France,Vegetables,4667,154.06,90.93,718998.02,424370.31,2013,10,Shipped,4
Bergen,Norway,Baby Food,194,255.28,159.42,49524.32,30927.48,2016,8,Shipped,4
San Francisco,USA,Meat,6259,421.89,364.69,2640609.51,2282594.71,2011,10,Shipped,4
Osaka,Japan,Meat,2554,421.89,364.69,1077507.06,931418.26,2013,2,Shipped,1
Melbourne,Australia,Fruits,804,9.33,6.92,7501.32,5563.68,2012,12,Shipped,1
Philadelphia,USA,Fruits,9762,9.33,6.92,91079.46,67553.04,2015,11,Shipped,2
Newark,USA,Meat,214,421.89,364.69,90284.46,78043.66,2012,7,Shipped,2
Bridgewater,USA,Meat,9980,421.89,364.69,4210462.2,3639606.2,2013,6,Shipped,2
Nantes,France,Baby Food,8906,255.28,159.42,2273523.68,1419794.52,2015,2,Shipped,3
Cambridge,USA,Fruits,3872,9.33,6.92,36125.76,26794.24,2011,4,Shipped,3
Nantes,France,Baby Food,3791,255.28,159.42,967766.48,604361.22,2012,2,Shipped,3
White Plains,USA,Vegetables,4604,154.06,90.93,709292.24,418641.72,2017,1,Shipped,4
Allentown,USA,Clothes,4285,109.28,35.84,468264.8,153574.4,2011,12,Shipped,4
NYC,USA,Cosmetics,7839,437.2,263.33,3427210.8,2064243.87,2017,5,Shipped,4
Minato-ku,Japan,Cereal,2302,205.7,117.11,473521.4,269587.22,2017,5,Shipped,4
Burlingame,USA,Cosmetics,1741,437.2,263.33,761165.2,458457.53,2015,10,Shipped,1
South Brisbane,Australia,Clothes,2256,109.28,35.84,246535.68,80855.04,2010,4,Shipped,1
Boras,Sweden,Vegetables,6975,154.06,90.93,1074568.5,634236.75,2010,7,Shipped,1
Paris,France,Cereal,1060,205.7,117.11,218042,124136.6,2012,5,Shipped,2
Madrid,Spain,Vegetables,6703,154.06,90.93,1032664.18,609503.79,2016,7,Disputed,2
Frankfurt,Germany,Cosmetics,8128,437.2,263.33,3553561.6,2140346.24,2017,1,Shipped,1
Manchester,UK,Snacks,6591,152.58,97.44,1005654.78,642227.04,2012,11,Shipped,1
Melbourne,Australia,Cereal,5376,205.7,117.11,1105843.2,629583.36,2011,10,Shipped,2
Chatswood,Australia,Baby Food,4802,255.28,159.42,1225854.56,765534.84,2010,11,Shipped,3
Brisbane,USA,Vegetables,7217,154.06,90.93,1111851.02,656241.81,2016,5,Shipped,3
San Francisco,USA,Beverages,2001,47.45,31.79,94947.45,63611.79,2016,2,Shipped,4
Bergamo,Italy,Vegetables,564,154.06,90.93,86889.84,51284.52,2014,8,Shipped,4
San Rafael,USA,Vegetables,1351,154.06,90.93,208135.06,122846.43,2013,5,Shipped,4
Glen Waverly,Australia,Vegetables,4833,154.06,90.93,744571.98,439464.69,2015,1,Shipped,4
Madrid,Spain,Snacks,8516,152.58,97.44,1299371.28,829799.04,2012,1,Shipped,4
Madrid,Spain,Cosmetics,1937,437.2,263.33,846856.4,510070.21,2012,10,Shipped,1
Lyon,France,Household,1661,668.27,502.54,1109996.47,834718.94,2015,9,Shipped,1
Madrid,Spain,Meat,6289,421.89,364.69,2653266.21,2293535.41,2012,6,Shipped,2
Strasbourg,France,Snacks,1450,152.58,97.44,221241,141288,2014,12,Shipped,2
Torino,Italy,Household,4805,668.27,502.54,3211037.35,2414704.7,2013,2,Shipped,3
Bergen,Norway,Cosmetics,1047,437.2,263.33,457748.4,275706.51,2017,2,Shipped,3
Versailles,France,Beverages,6899,47.45,31.79,327357.55,219319.21,2015,6,Shipped,4
San Rafael,USA,Cereal,6115,205.7,117.11,1257855.5,716127.65,2016,7,Shipped,4
Nashua,USA,Cosmetics,4483,437.2,263.33,1959967.6,1180508.39,2014,10,Shipped,4
Manchester,UK,Baby Food,4820,255.28,159.42,1230449.6,768404.4,2016,12,Shipped,4
Melbourne,Australia,Baby Food,1973,255.28,159.42,503667.44,314535.66,2015,9,Shipped,4
Paris,France,Snacks,7824,152.58,97.44,1193785.92,762370.56,2016,4,Shipped,4
Pasadena,USA,Snacks,6283,152.58,97.44,958660.14,612215.52,2017,3,Resolved,1
Madrid,Spain,Office Supplies,8292,651.21,524.96,5399833.32,4352968.32,2014,6,Shipped,1
San Rafael,USA,Clothes,6826,109.28,35.84,745945.28,244643.84,2012,7,Shipped,1
San Rafael,USA,Fruits,1888,9.33,6.92,17615.04,13064.96,2013,5,In Process,2
Philadelphia,USA,Snacks,5516,152.58,97.44,841631.28,537479.04,2012,2,Shipped,1
Nantes,France,Household,6777,668.27,502.54,4528865.79,3405713.58,2016,7,Shipped,2
Reims,France,Personal Care,6769,81.73,56.67,553230.37,383599.23,2012,11,Shipped,3
North Sydney,Australia,Personal Care,3621,81.73,56.67,295944.33,205202.07,2014,8,Shipped,3
Aaarhus,Denmark,Office Supplies,7497,651.21,524.96,4882121.37,3935625.12,2013,10,Shipped,4
Bridgewater,USA,Beverages,5586,47.45,31.79,265055.7,177578.94,2014,12,Shipped,4
Bergen,Norway,Personal Care,7114,81.73,56.67,581427.22,403150.38,2015,11,Shipped,4
Nashua,USA,Cereal,8335,205.7,117.11,1714509.5,976111.85,2011,10,Shipped,4
NYC,USA,Snacks,7536,152.58,97.44,1149842.88,734307.84,2014,2,Shipped,4
Madrid,Spain,Office Supplies,33,651.21,524.96,21489.93,17323.68,2016,5,Shipped,1
San Diego,USA,Baby Food,3175,255.28,159.42,810514,506158.5,2013,4,Shipped,1
Strasbourg,France,Beverages,1343,47.45,31.79,63725.35,42693.97,2011,9,Shipped,2
Liverpool,UK,Vegetables,947,154.06,90.93,145894.82,86110.71,2012,4,Cancelled,2
Reggio Emilia,Italy,Vegetables,5429,154.06,90.93,836391.74,493658.97,2012,10,Shipped,3
Las Vegas,USA,Baby Food,264,255.28,159.42,67393.92,42086.88,2012,1,Shipped,3
Gensve,Switzerland,Vegetables,7956,154.06,90.93,1225701.36,723439.08,2013,9,Shipped,3
Oslo,Norway,Baby Food,3041,255.28,159.42,776306.48,484796.22,2015,3,Shipped,4
Madrid,Spain,Baby Food,7088,255.28,159.42,1809424.64,1129968.96,2010,10,Shipped,4
New Bedford,USA,Beverages,3693,47.45,31.79,175232.85,117400.47,2011,5,Shipped,4
Philadelphia,USA,Meat,3488,421.89,364.69,1471552.32,1272038.72,2017,2,Shipped,4
Reims,France,Cosmetics,9133,437.2,263.33,3992947.6,2404992.89,2014,7,Shipped,4
Charleroi,Belgium,Personal Care,321,81.73,56.67,26235.33,18191.07,2017,6,Shipped,1
Madrid,Spain,Beverages,8775,47.45,31.79,416373.75,278957.25,2010,7,Shipped,1
San Jose,USA,Clothes,3251,109.28,35.84,355269.28,116515.84,2013,8,On Hold,2
Salzburg,Austria,Cereal,4534,205.7,117.11,932643.8,530976.74,2017,3,Shipped,2
Stavern,Norway,Fruits,441,9.33,6.92,4114.53,3051.72,2016,10,Shipped,1
Lule,Sweden,Fruits,822,9.33,6.92,7669.26,5688.24,2016,7,Shipped,1
Madrid,Spain,Cosmetics,2557,437.2,263.33,1117920.4,673334.81,2010,1,Shipped,2
Chatswood,Australia,Beverages,4556,47.45,31.79,216182.2,144835.24,2014,12,Shipped,3
Singapore,Singapore,Vegetables,2761,154.06,90.93,425359.66,251057.73,2015,10,Shipped,3
NYC,USA,Cereal,5147,205.7,117.11,1058737.9,602765.17,2013,5,Shipped,4
South Brisbane,Australia,Cereal,6719,205.7,117.11,1382098.3,786862.09,2013,3,Shipped,4
Philadelphia,USA,Snacks,4512,152.58,97.44,688440.96,439649.28,2014,7,Shipped,4
Glen Waverly,Australia,Beverages,2594,47.45,31.79,123085.3,82463.26,2013,8,Shipped,4
Vancouver,Canada,Household,7063,668.27,502.54,4719991.01,3549440.02,2015,7,Shipped,4
Burbank,USA,Household,1050,668.27,502.54,701683.5,527667,2014,12,Shipped,1
Cambridge,USA,Cereal,9715,205.7,117.11,1998375.5,1137723.65,2015,4,Shipped,1
Madrid,Spain,Fruits,5251,9.33,6.92,48991.83,36336.92,2017,3,Shipped,2
San Jose,USA,Cosmetics,1881,437.2,263.33,822373.2,495323.73,2014,10,Shipped,2
Chatswood,Australia,Cereal,861,205.7,117.11,177107.7,100831.71,2014,7,Shipped,3
Torino,Italy,Beverages,5477,47.45,31.79,259883.65,174113.83,2016,7,Shipped,3
Boras,Sweden,Personal Care,6045,81.73,56.67,494057.85,342570.15,2010,8,Shipped,3
Versailles,France,Beverages,4915,47.45,31.79,233216.75,156247.85,2010,4,Shipped,4
San Rafael,USA,Household,1466,668.27,502.54,979683.82,736723.64,2011,3,Shipped,4
Nashua,USA,Meat,7110,421.89,364.69,2999637.9,2592945.9,2010,1,Shipped,4
San Francisco,USA,Cosmetics,289,437.2,263.33,126350.8,76102.37,2016,1,Shipped,4
Melbourne,Australia,Baby Food,1476,255.28,159.42,376793.28,235303.92,2016,8,Shipped,4
San Rafael,USA,Personal Care,8177,81.73,56.67,668306.21,463390.59,2011,10,Shipped,4
Brickhaven,USA,Cosmetics,9928,437.2,263.33,4340521.6,2614340.24,2010,2,Shipped,1
San Francisco,USA,Cosmetics,3295,437.2,263.33,1440574,867672.35,2017,5,Shipped,1
North Sydney,Australia,Household,6878,668.27,502.54,4596361.06,3456470.12,2010,4,Shipped,1
Bruxelles,Belgium,Baby Food,6307,255.28,159.42,1610050.96,1005461.94,2015,9,In Process,2
Stavern,Norway,Baby Food,9242,255.28,159.42,2359297.76,1473359.64,2016,2,Shipped,1
San Francisco,USA,Snacks,376,152.58,97.44,57370.08,36637.44,2014,2,Shipped,1
Madrid,Spain,Fruits,6433,9.33,6.92,60019.89,44516.36,2013,4,Shipped,2
Chatswood,Australia,Cosmetics,1167,437.2,263.33,510212.4,307306.11,2014,7,Shipped,3
Singapore,Singapore,Vegetables,365,154.06,90.93,56231.9,33189.45,2012,3,Shipped,3
NYC,USA,Vegetables,6844,154.06,90.93,1054386.64,622324.92,2013,1,Shipped,4
Bergamo,Italy,Snacks,5453,152.58,97.44,832018.74,531340.32,2017,5,Shipped,4
Philadelphia,USA,Vegetables,8071,154.06,90.93,1243418.26,733896.03,2015,3,Shipped,4
Glen Waverly,Australia,Fruits,8610,9.33,6.92,80331.3,59581.2,2012,9,Shipped,4
Vancouver,Canada,Baby Food,8012,255.28,159.42,2045303.36,1277273.04,2013,6,Shipped,4
Burbank,USA,Clothes,9250,109.28,35.84,1010840,331520,2014,4,Shipped,1
Cambridge,USA,Clothes,2331,109.28,35.84,254731.68,83543.04,2017,1,Shipped,1
Madrid,Spain,Cereal,9289,205.7,117.11,1910747.3,1087834.79,2017,2,Shipped,2
San Jose,USA,Beverages,9192,47.45,31.79,436160.4,292213.68,2014,8,Shipped,2
Salzburg,Austria,Cereal,3139,205.7,117.11,645692.3,367608.29,2010,10,Shipped,3
Torino,Italy,Personal Care,9259,81.73,56.67,756738.07,524707.53,2011,9,Shipped,3
Boras,Sweden,Baby Food,7714,255.28,159.42,1969229.92,1229765.88,2016,12,Shipped,3
Versailles,France,Office Supplies,5696,651.21,524.96,3709292.16,2990172.16,2015,10,Shipped,4
San Rafael,USA,Cosmetics,2429,437.2,263.33,1061958.8,639628.57,2013,10,Shipped,4
Nashua,USA,Baby Food,4168,255.28,159.42,1064007.04,664462.56,2013,8,Shipped,4
Manchester,UK,Fruits,9199,9.33,6.92,85826.67,63657.08,2011,8,Shipped,4
Melbourne,Australia,Personal Care,2838,81.73,56.67,231949.74,160829.46,2016,5,Shipped,4
San Rafael,USA,Cereal,2436,205.7,117.11,501085.2,285279.96,2015,1,Shipped,4
Brickhaven,USA,Fruits,2371,9.33,6.92,22121.43,16407.32,2014,7,Shipped,1
San Francisco,USA,Cereal,9055,205.7,117.11,1862613.5,1060431.05,2015,6,Shipped,1
Graz,Austria,Clothes,5930,109.28,35.84,648030.4,212531.2,2015,8,Shipped,1
Bruxelles,Belgium,Fruits,8470,9.33,6.92,79025.1,58612.4,2013,10,In Process,2
Bergamo,Italy,Personal Care,9180,81.73,56.67,750281.4,520230.6,2013,10,Shipped,1
Salzburg,Austria,Personal Care,2595,81.73,56.67,212089.35,147058.65,2012,9,Shipped,2
Brickhaven,USA,Cereal,284,205.7,117.11,58418.8,33259.24,2012,10,Shipped,2
New Bedford,USA,Clothes,5844,109.28,35.84,638632.32,209448.96,2016,12,Shipped,3
Helsinki,Finland,Fruits,9907,9.33,6.92,92432.31,68556.44,2010,7,Shipped,4
Boras,Sweden,Cereal,5132,205.7,117.11,1055652.4,601008.52,2010,3,Cancelled,4
Toulouse,France,Beverages,1212,47.45,31.79,57509.4,38529.48,2014,9,Shipped,4
London,UK,Snacks,9872,152.58,97.44,1506269.76,961927.68,2016,3,Shipped,4
Barcelona,Spain,Office Supplies,9865,651.21,524.96,6424186.65,5178730.4,2011,10,Shipped,4
Los Angeles,USA,Snacks,1978,152.58,97.44,301803.24,192736.32,2014,10,Shipped,1
San Diego,USA,Fruits,4028,9.33,6.92,37581.24,27873.76,2013,2,Shipped,1
NYC,USA,Clothes,5864,109.28,35.84,640817.92,210165.76,2010,10,Cancelled,2
Madrid,Spain,Vegetables,4366,154.06,90.93,672625.96,397000.38,2016,10,Cancelled,2
Bruxelles,Belgium,Beverages,8445,47.45,31.79,400715.25,268466.55,2010,9,Shipped,3
Tsawassen,Canada,Meat,4043,421.89,364.69,1705701.27,1474441.67,2014,12,Shipped,3
Munich,Germany,Household,9135,668.27,502.54,6104646.45,4590702.9,2015,4,Shipped,3
Philadelphia,USA,Cosmetics,8724,437.2,263.33,3814132.8,2297290.92,2017,3,Shipped,4
Cowes,UK,Household,9847,668.27,502.54,6580454.69,4948511.38,2012,3,Shipped,4
Kobenhavn,Denmark,Clothes,6571,109.28,35.84,718078.88,235504.64,2011,11,Resolved,4
Charleroi,Belgium,Clothes,4995,109.28,35.84,545853.6,179020.8,2013,9,Shipped,4
Madrid,Spain,Fruits,8250,9.33,6.92,76972.5,57090,2012,4,Shipped,4
Oulu,Finland,Fruits,1495,9.33,6.92,13948.35,10345.4,2011,2,Shipped,1
Madrid,Spain,Vegetables,6923,154.06,90.93,1066557.38,629508.39,2010,10,Resolved,1
Reims,France,Vegetables,8759,154.06,90.93,1349411.54,796455.87,2012,12,Shipped,1
San Jose,USA,Personal Care,8256,81.73,56.67,674762.88,467867.52,2016,8,Shipped,2
Boston,USA,Beverages,8702,47.45,31.79,412909.9,276636.58,2014,4,On Hold,2
Stavern,Norway,Office Supplies,413,651.21,524.96,268949.73,216808.48,2010,11,Shipped,1
San Francisco,USA,Household,5738,668.27,502.54,3834533.26,2883574.52,2012,4,Shipped,1
Madrid,Spain,Household,4057,668.27,502.54,2711171.39,2038804.78,2014,4,Shipped,2
Chatswood,Australia,Beverages,6781,47.45,31.79,321758.45,215567.99,2013,6,Shipped,3
Singapore,Singapore,Cosmetics,2352,437.2,263.33,1028294.4,619352.16,2011,7,Shipped,3
NYC,USA,Snacks,1245,152.58,97.44,189962.1,121312.8,2011,2,Shipped,4
Bergamo,Italy,Meat,963,421.89,364.69,406280.07,351196.47,2012,1,Shipped,4
Philadelphia,USA,Vegetables,1044,154.06,90.93,160838.64,94930.92,2015,6,Shipped,4
Glen Waverly,Australia,Snacks,8054,152.58,97.44,1228879.32,784781.76,2012,1,Shipped,4
Vancouver,Canada,Cereal,592,205.7,117.11,121774.4,69329.12,2016,2,Shipped,4
Burbank,USA,Vegetables,4288,154.06,90.93,660609.28,389907.84,2016,12,Shipped,1
Cambridge,USA,Meat,6803,421.89,364.69,2870117.67,2480986.07,2012,1,Shipped,1
Madrid,Spain,Clothes,2830,109.28,35.84,309262.4,101427.2,2011,8,Shipped,2
San Jose,USA,Clothes,9092,109.28,35.84,993573.76,325857.28,2011,8,Shipped,2
Chatswood,Australia,Meat,9344,421.89,364.69,3942140.16,3407663.36,2012,12,Shipped,3
Torino,Italy,Household,9372,668.27,502.54,6263026.44,4709804.88,2010,1,Shipped,3
Boras,Sweden,Beverages,1993,47.45,31.79,94567.85,63357.47,2017,2,Shipped,3
Versailles,France,Beverages,2057,47.45,31.79,97604.65,65392.03,2011,12,Shipped,4
San Rafael,USA,Cereal,1443,205.7,117.11,296825.1,168989.73,2014,8,Shipped,4
Nashua,USA,Beverages,4062,47.45,31.79,192741.9,129130.98,2016,4,Shipped,4
Manchester,UK,Clothes,856,109.28,35.84,93543.68,30679.04,2012,11,Shipped,4
Melbourne,Australia,Snacks,4800,152.58,97.44,732384,467712,2016,5,Shipped,4
San Rafael,USA,Office Supplies,5898,651.21,524.96,3840836.58,3096214.08,2013,8,Shipped,4
Brickhaven,USA,Personal Care,6186,81.73,56.67,505581.78,350560.62,2014,12,Shipped,1
San Francisco,USA,Office Supplies,4732,651.21,524.96,3081525.72,2484110.72,2013,2,Shipped,1
Graz,Austria,Clothes,2633,109.28,35.84,287734.24,94366.72,2016,9,Shipped,1
Bruxelles,Belgium,Household,8021,668.27,502.54,5360193.67,4030873.34,2016,11,In Process,2
Kobenhavn,Denmark,Snacks,1057,152.58,97.44,161277.06,102994.08,2012,12,Shipped,1
Singapore,Singapore,Cereal,8932,205.7,117.11,1837312.4,1046026.52,2017,3,Shipped,2
Madrid,Spain,Beverages,870,47.45,31.79,41281.5,27657.3,2012,3,Shipped,2
San Rafael,USA,Cereal,3126,205.7,117.11,643018.2,366085.86,2015,12,Shipped,3
Madrid,Spain,Beverages,3987,47.45,31.79,189183.15,126746.73,2017,2,Shipped,3
New Bedford,USA,Baby Food,8769,255.28,159.42,2238550.32,1397953.98,2016,11,Shipped,4
Madrid,Spain,Meat,4821,421.89,364.69,2033931.69,1758170.49,2017,4,Shipped,4
New Bedford,USA,Snacks,6524,152.58,97.44,995431.92,635698.56,2010,4,Shipped,4
New Haven,USA,Baby Food,288,255.28,159.42,73520.64,45912.96,2011,8,Shipped,4
Lyon,France,Vegetables,9556,154.06,90.93,1472197.36,868927.08,2011,5,Shipped,1
Bruxelles,Belgium,Household,9801,668.27,502.54,6549714.27,4925394.54,2016,1,Shipped,1
Cowes,UK,Cereal,3528,205.7,117.11,725709.6,413164.08,2014,4,Shipped,1
